{
"type": "FeatureCollection",
"name": "sentosa_building_footprints",
"crs": { "type": "name", "properties": { "name": "urn:ogc:def:crs:OGC:1.3:CRS84" } },
"features": [
{ "type": "Feature", "properties": { "element": "relation", "id": 2177128, "name": null, "building": "yes" }, "geometry": { "type": "Polygon", "coordinates": [ [ [ 103.8278455, 1.2444171 ], [ 103.8278911, 1.244455 ], [ 103.8276828, 1.2446877 ], [ 103.8276708, 1.2446796 ], [ 103.82751, 1.2448725 ], [ 103.8275503, 1.2449114 ], [ 103.8274721, 1.244993 ], [ 103.8274106, 1.2449426 ], [ 103.8271682, 1.2452281 ], [ 103.8271832, 1.2452428 ], [ 103.8271632, 1.2452678 ], [ 103.8272002, 1.2453032 ], [ 103.8272085, 1.2452944 ], [ 103.8273399, 1.2454123 ], [ 103.8273482, 1.2454042 ], [ 103.8273559, 1.24541 ], [ 103.8273929, 1.2453668 ], [ 103.8274365, 1.2454038 ], [ 103.8273482, 1.245508 ], [ 103.8270974, 1.245804 ], [ 103.8270002, 1.2459187 ], [ 103.8269771, 1.2458938 ], [ 103.8269992, 1.2458635 ], [ 103.8269435, 1.2458146 ], [ 103.8269656, 1.2457896 ], [ 103.8267664, 1.2456202 ], [ 103.8266147, 1.2458165 ], [ 103.8267559, 1.2459336 ], [ 103.8267314, 1.2459648 ], [ 103.8267827, 1.2460142 ], [ 103.8267578, 1.2460517 ], [ 103.826849, 1.246126 ], [ 103.8269464, 1.246019 ], [ 103.8269723, 1.2460387 ], [ 103.8271135, 1.2458659 ], [ 103.8274313, 1.24614 ], [ 103.8273948, 1.2461803 ], [ 103.8273837, 1.2461702 ], [ 103.827378, 1.246176 ], [ 103.8273079, 1.2461198 ], [ 103.8271399, 1.2463238 ], [ 103.82721, 1.24639 ], [ 103.8271639, 1.2464399 ], [ 103.8270444, 1.246342 ], [ 103.8267928, 1.24664 ], [ 103.8270861, 1.2468881 ], [ 103.8273396, 1.2465968 ], [ 103.827221, 1.2464908 ], [ 103.8272438, 1.2464657 ], [ 103.8272676, 1.2464394 ], [ 103.827341, 1.2464985 ], [ 103.8274197, 1.2464058 ], [ 103.8275796, 1.2465392 ], [ 103.8276266, 1.2464874 ], [ 103.8276377, 1.2464961 ], [ 103.8276487, 1.2464855 ], [ 103.827702, 1.2465292 ], [ 103.8278743, 1.2463252 ], [ 103.8278287, 1.2462763 ], [ 103.8278693, 1.2462291 ], [ 103.8279252, 1.246164 ], [ 103.8279756, 1.2462052 ], [ 103.8281119, 1.2460464 ], [ 103.8281124, 1.2460209 ], [ 103.8281359, 1.2459945 ], [ 103.8281143, 1.2459753 ], [ 103.8281124, 1.2458894 ], [ 103.8281273, 1.2458731 ], [ 103.8281129, 1.2458611 ], [ 103.8281134, 1.2458453 ], [ 103.8279857, 1.2457378 ], [ 103.8280635, 1.2456471 ], [ 103.8279915, 1.2455828 ], [ 103.8280164, 1.2455544 ], [ 103.8280351, 1.2455319 ], [ 103.8281441, 1.2456317 ], [ 103.8283971, 1.2453356 ], [ 103.8281086, 1.2450817 ], [ 103.8278623, 1.2453803 ], [ 103.8279771, 1.2454815 ], [ 103.8279593, 1.2455042 ], [ 103.8279334, 1.2455343 ], [ 103.8278551, 1.2454743 ], [ 103.8276824, 1.2456791 ], [ 103.8277624, 1.2457503 ], [ 103.8277194, 1.2457986 ], [ 103.827486, 1.2455986 ], [ 103.8275589, 1.2455103 ], [ 103.8276876, 1.2456183 ], [ 103.8277927, 1.2454945 ], [ 103.82763, 1.2453471 ], [ 103.8276617, 1.2453073 ], [ 103.8276823, 1.2453251 ], [ 103.8276915, 1.2453145 ], [ 103.827714, 1.2452884 ], [ 103.8277553, 1.2452406 ], [ 103.8276684, 1.2451676 ], [ 103.8276289, 1.2452137 ], [ 103.8275959, 1.2452521 ], [ 103.8276031, 1.2452584 ], [ 103.8275695, 1.2452958 ], [ 103.8275037, 1.2452358 ], [ 103.8277322, 1.2449546 ], [ 103.8277097, 1.2449358 ], [ 103.82775, 1.2448879 ], [ 103.8277913, 1.2449181 ], [ 103.8278201, 1.2448855 ], [ 103.8278738, 1.2449258 ], [ 103.8279094, 1.2448807 ], [ 103.8278676, 1.2448461 ], [ 103.8280884, 1.2446201 ], [ 103.828135, 1.2446589 ], [ 103.8281868, 1.2445908 ], [ 103.8281374, 1.2445438 ], [ 103.8281786, 1.244496 ], [ 103.8282041, 1.244515 ], [ 103.8282862, 1.2444305 ], [ 103.8282493, 1.2443968 ], [ 103.8282718, 1.2443715 ], [ 103.8281446, 1.2442688 ], [ 103.8281134, 1.2443052 ], [ 103.8280227, 1.2442294 ], [ 103.8279156, 1.2443575 ], [ 103.827905, 1.2443475 ], [ 103.8278455, 1.2444171 ] ], [ [ 103.8280504, 1.2454003 ], [ 103.8280092, 1.2453675 ], [ 103.8281131, 1.2452371 ], [ 103.8282472, 1.245344 ], [ 103.828139, 1.2454797 ], [ 103.8281026, 1.2454508 ], [ 103.8281342, 1.2454112 ], [ 103.8280777, 1.2453661 ], [ 103.8280504, 1.2454003 ] ], [ [ 103.8273986, 1.2456203 ], [ 103.8273516, 1.245582 ], [ 103.8274358, 1.2454786 ], [ 103.8274828, 1.2455169 ], [ 103.8273986, 1.2456203 ] ], [ [ 103.8279032, 1.2456723 ], [ 103.8278567, 1.2456349 ], [ 103.8279051, 1.2455748 ], [ 103.8279516, 1.2456123 ], [ 103.8279032, 1.2456723 ] ], [ [ 103.8279343, 1.2457851 ], [ 103.8278891, 1.2457491 ], [ 103.8279148, 1.2457168 ], [ 103.82796, 1.2457528 ], [ 103.8279343, 1.2457851 ] ], [ [ 103.8272327, 1.2458961 ], [ 103.8274512, 1.2456375 ], [ 103.8276896, 1.2458388 ], [ 103.8276037, 1.2459404 ], [ 103.8275931, 1.2459315 ], [ 103.8275437, 1.24599 ], [ 103.8275573, 1.2460015 ], [ 103.8274741, 1.2461 ], [ 103.8272327, 1.2458961 ] ], [ [ 103.8276557, 1.2459845 ], [ 103.8276433, 1.245974 ], [ 103.8278015, 1.2457862 ], [ 103.8278179, 1.2458 ], [ 103.8278011, 1.245814 ], [ 103.8279617, 1.2459509 ], [ 103.827844, 1.2460889 ], [ 103.8278863, 1.2461246 ], [ 103.8278288, 1.2461928 ], [ 103.8277857, 1.2462441 ], [ 103.8277493, 1.2462135 ], [ 103.8277127, 1.246257 ], [ 103.8277053, 1.2462507 ], [ 103.8276239, 1.246347 ], [ 103.827463, 1.246211 ], [ 103.8274513, 1.2462286 ], [ 103.8274381, 1.2462175 ], [ 103.8275908, 1.2460363 ], [ 103.8276024, 1.2460461 ], [ 103.8276157, 1.2460304 ], [ 103.8276297, 1.2460146 ], [ 103.8276403, 1.2460026 ], [ 103.8276557, 1.2459845 ] ], [ [ 103.8274321, 1.2463769 ], [ 103.8273843, 1.2463396 ], [ 103.8274105, 1.2463062 ], [ 103.8274582, 1.2463435 ], [ 103.8274321, 1.2463769 ] ], [ [ 103.8273465, 1.2463311 ], [ 103.8272892, 1.2463975 ], [ 103.8272462, 1.2463604 ], [ 103.8273035, 1.2462941 ], [ 103.8273465, 1.2463311 ] ], [ [ 103.8271971, 1.2466058 ], [ 103.8270842, 1.2467405 ], [ 103.8269452, 1.2466241 ], [ 103.8270594, 1.2464878 ], [ 103.8271, 1.2465218 ], [ 103.8270712, 1.2465561 ], [ 103.8271273, 1.2466031 ], [ 103.8271548, 1.2465703 ], [ 103.8271971, 1.2466058 ] ] ] } },
{ "type": "Feature", "properties": { "element": "relation", "id": 2179985, "name": null, "building": "yes" }, "geometry": { "type": "Polygon", "coordinates": [ [ [ 103.8227013, 1.2510885 ], [ 103.8227165, 1.2510885 ], [ 103.8227172, 1.251124 ], [ 103.8227018, 1.2511243 ], [ 103.8227038, 1.2511923 ], [ 103.8232141, 1.2511796 ], [ 103.8232143, 1.2511745 ], [ 103.8232064, 1.2511736 ], [ 103.8232067, 1.2511511 ], [ 103.8232161, 1.2511509 ], [ 103.8232234, 1.2511446 ], [ 103.8232277, 1.2511389 ], [ 103.8232277, 1.2511312 ], [ 103.8232257, 1.2511224 ], [ 103.8232223, 1.2511167 ], [ 103.8232175, 1.2511148 ], [ 103.8232109, 1.2511145 ], [ 103.8232104, 1.2511108 ], [ 103.823199, 1.2511111 ], [ 103.8231993, 1.251075 ], [ 103.8232146, 1.2510741 ], [ 103.8232154, 1.250966 ], [ 103.822698, 1.25098 ], [ 103.8227013, 1.2510885 ] ], [ [ 103.8229814, 1.2510809 ], [ 103.8231824, 1.2510756 ], [ 103.8231833, 1.2511117 ], [ 103.8229823, 1.251117 ], [ 103.8229814, 1.2510809 ] ], [ [ 103.8227337, 1.2510867 ], [ 103.8229589, 1.2510811 ], [ 103.8229598, 1.2511172 ], [ 103.8227346, 1.2511228 ], [ 103.8227337, 1.2510867 ] ] ] } },
{ "type": "Feature", "properties": { "element": "relation", "id": 2182898, "name": null, "building": "yes" }, "geometry": { "type": "Polygon", "coordinates": [ [ [ 103.8223574, 1.2519314 ], [ 103.8223808, 1.2517396 ], [ 103.8223959, 1.2517412 ], [ 103.822405, 1.2517287 ], [ 103.8224099, 1.2516558 ], [ 103.8223944, 1.2516536 ], [ 103.8224114, 1.251523 ], [ 103.8224019, 1.2515199 ], [ 103.8223853, 1.2515165 ], [ 103.8223627, 1.2515154 ], [ 103.8223415, 1.2515252 ], [ 103.8223109, 1.2515592 ], [ 103.8222666, 1.2515266 ], [ 103.8222366, 1.2515045 ], [ 103.8222992, 1.2514373 ], [ 103.8223317, 1.251409 ], [ 103.82238, 1.2513772 ], [ 103.8224378, 1.2513474 ], [ 103.822502, 1.251324 ], [ 103.8225707, 1.2513112 ], [ 103.8226315, 1.2513093 ], [ 103.8226334, 1.2511085 ], [ 103.8225602, 1.25111 ], [ 103.822516, 1.2511171 ], [ 103.8224559, 1.25113 ], [ 103.8223974, 1.2511458 ], [ 103.822334, 1.2511719 ], [ 103.8222702, 1.2512047 ], [ 103.8222033, 1.2512455 ], [ 103.8221591, 1.2512802 ], [ 103.8221225, 1.2513176 ], [ 103.8220972, 1.2513455 ], [ 103.8220704, 1.2513791 ], [ 103.8220504, 1.2514052 ], [ 103.822041, 1.2514218 ], [ 103.822047, 1.2514252 ], [ 103.8220398, 1.2514426 ], [ 103.8220882, 1.2514697 ], [ 103.8220968, 1.2514535 ], [ 103.8221255, 1.251469 ], [ 103.8221203, 1.2514777 ], [ 103.8221278, 1.2514837 ], [ 103.8221191, 1.2514962 ], [ 103.8221248, 1.2514999 ], [ 103.8221127, 1.2515222 ], [ 103.8221501, 1.2515445 ], [ 103.8221625, 1.2515252 ], [ 103.8222232, 1.2515643 ], [ 103.8222822, 1.2516022 ], [ 103.8222746, 1.2516131 ], [ 103.8222338, 1.2515915 ], [ 103.8222195, 1.2516236 ], [ 103.8222029, 1.2516629 ], [ 103.8221904, 1.2517063 ], [ 103.8221829, 1.2517376 ], [ 103.8221881, 1.2517418 ], [ 103.8221836, 1.2517629 ], [ 103.8221795, 1.2517633 ], [ 103.8221749, 1.2517946 ], [ 103.8221821, 1.2517954 ], [ 103.822181, 1.2518237 ], [ 103.8221836, 1.2518607 ], [ 103.8221878, 1.2518886 ], [ 103.8221965, 1.2519524 ], [ 103.8223574, 1.2519314 ] ], [ [ 103.8221855, 1.2512979 ], [ 103.8222229, 1.2513383 ], [ 103.8221749, 1.2513832 ], [ 103.8221334, 1.2514323 ], [ 103.8220907, 1.2513987 ], [ 103.8221353, 1.2513489 ], [ 103.8221855, 1.2512979 ] ], [ [ 103.8220881, 1.2514349 ], [ 103.8220893, 1.2514398 ], [ 103.8220863, 1.251447 ], [ 103.8220791, 1.2514501 ], [ 103.8220783, 1.25145 ], [ 103.8220718, 1.251447 ], [ 103.8220688, 1.2514398 ], [ 103.8220715, 1.2514329 ], [ 103.8220718, 1.2514325 ], [ 103.8220791, 1.2514295 ], [ 103.8220863, 1.2514325 ], [ 103.8220881, 1.2514349 ] ] ] } },
{ "type": "Feature", "properties": { "element": "relation", "id": 2182899, "name": null, "building": "yes" }, "geometry": { "type": "Polygon", "coordinates": [ [ [ 103.8218838, 1.2521963 ], [ 103.8218779, 1.2522178 ], [ 103.8223709, 1.2524168 ], [ 103.8223968, 1.2523547 ], [ 103.822419, 1.2523591 ], [ 103.8224997, 1.2521452 ], [ 103.8224753, 1.2521341 ], [ 103.8224664, 1.2521445 ], [ 103.8224249, 1.2521267 ], [ 103.8224316, 1.2521097 ], [ 103.8222421, 1.2520298 ], [ 103.8221348, 1.2520076 ], [ 103.8220341, 1.2519958 ], [ 103.8219304, 1.251998 ], [ 103.8218298, 1.2520091 ], [ 103.8217787, 1.2521356 ], [ 103.8218261, 1.2521534 ], [ 103.8218231, 1.2521734 ], [ 103.8218838, 1.2521963 ] ], [ [ 103.8221088, 1.2520425 ], [ 103.8223844, 1.2521572 ], [ 103.8223133, 1.252328 ], [ 103.8220377, 1.2522134 ], [ 103.8221088, 1.2520425 ] ] ] } },
{ "type": "Feature", "properties": { "element": "relation", "id": 2363899, "name": null, "building": "roof" }, "geometry": { "type": "Polygon", "coordinates": [ [ [ 103.8245773, 1.254076 ], [ 103.8245963, 1.2540751 ], [ 103.8246233, 1.2540525 ], [ 103.8246836, 1.2540596 ], [ 103.8247664, 1.254026 ], [ 103.824781, 1.2540025 ], [ 103.8248926, 1.2539928 ], [ 103.8249785, 1.2539711 ], [ 103.8250047, 1.253956 ], [ 103.8250308, 1.2538564 ], [ 103.8250698, 1.2538201 ], [ 103.8250751, 1.2537691 ], [ 103.8250321, 1.2537364 ], [ 103.824987, 1.2537603 ], [ 103.8249444, 1.2537567 ], [ 103.8249272, 1.2537288 ], [ 103.8249475, 1.2537129 ], [ 103.8249839, 1.2537009 ], [ 103.8249719, 1.2536629 ], [ 103.8249218, 1.2536735 ], [ 103.8248381, 1.2537466 ], [ 103.8248802, 1.253778 ], [ 103.8248984, 1.2538161 ], [ 103.8248789, 1.2538347 ], [ 103.8248519, 1.2538497 ], [ 103.8248155, 1.2538816 ], [ 103.8247456, 1.2539002 ], [ 103.8246641, 1.2539374 ], [ 103.8246357, 1.2539347 ], [ 103.8245844, 1.2539489 ], [ 103.8245316, 1.2539711 ], [ 103.8245268, 1.2540441 ], [ 103.8245773, 1.254076 ] ], [ [ 103.8248418, 1.2539403 ], [ 103.8248498, 1.2539195 ], [ 103.8248768, 1.2538947 ], [ 103.82493, 1.2538947 ], [ 103.8249574, 1.2538447 ], [ 103.8250061, 1.2537973 ], [ 103.8250287, 1.2537907 ], [ 103.8250234, 1.2538062 ], [ 103.8249991, 1.2538288 ], [ 103.824961, 1.2539164 ], [ 103.8249016, 1.2539474 ], [ 103.8248418, 1.2539403 ] ], [ [ 103.8245774, 1.2540214 ], [ 103.8245677, 1.2540169 ], [ 103.8245677, 1.2540059 ], [ 103.8245801, 1.2539921 ], [ 103.8246244, 1.2539921 ], [ 103.8245774, 1.2540214 ] ] ] } },
{ "type": "Feature", "properties": { "element": "way", "id": 47418824, "name": "Costa Sands Resort (Sentosa)", "building": "yes" }, "geometry": { "type": "Polygon", "coordinates": [ [ [ 103.8138737, 1.2553125 ], [ 103.8140397, 1.2555007 ], [ 103.8141332, 1.2554183 ], [ 103.8141716, 1.2554619 ], [ 103.8142184, 1.2554206 ], [ 103.8141852, 1.2553831 ], [ 103.8144136, 1.2551817 ], [ 103.8141885, 1.2549265 ], [ 103.8140995, 1.255005 ], [ 103.8142494, 1.2551749 ], [ 103.814137, 1.255274 ], [ 103.8141086, 1.2552419 ], [ 103.8140833, 1.2552643 ], [ 103.8140583, 1.2552361 ], [ 103.8140341, 1.2552574 ], [ 103.8140116, 1.2552318 ], [ 103.8139852, 1.2552551 ], [ 103.8139648, 1.2552321 ], [ 103.8138737, 1.2553125 ] ] ] } },
{ "type": "Feature", "properties": { "element": "way", "id": 47418825, "name": "Images of Singapore LIVE", "building": "yes" }, "geometry": { "type": "Polygon", "coordinates": [ [ [ 103.8174923, 1.2543391 ], [ 103.8175517, 1.2543181 ], [ 103.8175616, 1.2543462 ], [ 103.8176466, 1.2543162 ], [ 103.8176364, 1.2542874 ], [ 103.8177477, 1.2542481 ], [ 103.8179275, 1.2541847 ], [ 103.817939, 1.2542171 ], [ 103.8180244, 1.2541869 ], [ 103.8180127, 1.2541538 ], [ 103.8180358, 1.2541457 ], [ 103.8179426, 1.2538818 ], [ 103.8177176, 1.2539612 ], [ 103.8176052, 1.253643 ], [ 103.8172862, 1.2537556 ], [ 103.8174923, 1.2543391 ] ] ] } },
{ "type": "Feature", "properties": { "element": "way", "id": 47418827, "name": "Oasis Resort Sentosa", "building": "yes" }, "geometry": { "type": "Polygon", "coordinates": [ [ [ 103.8195797, 1.2534001 ], [ 103.8199208, 1.2535784 ], [ 103.8200123, 1.2534033 ], [ 103.8198616, 1.2533246 ], [ 103.8196712, 1.2532251 ], [ 103.8196229, 1.2531998 ], [ 103.8192512, 1.2530057 ], [ 103.8191597, 1.2531807 ], [ 103.8195314, 1.2533749 ], [ 103.8195056, 1.2534242 ], [ 103.8194932, 1.2534177 ], [ 103.8194709, 1.2534604 ], [ 103.8194579, 1.2534853 ], [ 103.819528, 1.2535219 ], [ 103.8195423, 1.2534946 ], [ 103.8195644, 1.2534522 ], [ 103.8195551, 1.2534473 ], [ 103.8195797, 1.2534001 ] ] ] } },
{ "type": "Feature", "properties": { "element": "way", "id": 95756943, "name": "TRANSFORMERS The Ride: The Ultimate 3D Battle", "building": "yes" }, "geometry": { "type": "Polygon", "coordinates": [ [ [ 103.8208797, 1.2542841 ], [ 103.8206206, 1.2539781 ], [ 103.8211641, 1.2535319 ], [ 103.8213269, 1.2537199 ], [ 103.8211733, 1.2538501 ], [ 103.8212096, 1.2538953 ], [ 103.8213064, 1.2538157 ], [ 103.8213213, 1.2538299 ], [ 103.8213795, 1.2537807 ], [ 103.8213964, 1.2537795 ], [ 103.8214752, 1.253885 ], [ 103.8215646, 1.253888 ], [ 103.8215569, 1.2539314 ], [ 103.8217117, 1.2539448 ], [ 103.8217119, 1.2539635 ], [ 103.8216816, 1.2540264 ], [ 103.8214676, 1.2542108 ], [ 103.8213113, 1.2540164 ], [ 103.8210571, 1.2542474 ], [ 103.8209353, 1.2542385 ], [ 103.8208797, 1.2542841 ] ] ] } },
{ "type": "Feature", "properties": { "element": "way", "id": 95756955, "name": "Lord Farquaad's Castle", "building": "yes" }, "geometry": { "type": "Polygon", "coordinates": [ [ [ 103.8239509, 1.2554146 ], [ 103.8236682, 1.2551899 ], [ 103.8237247, 1.2551179 ], [ 103.8239535, 1.2548434 ], [ 103.8242818, 1.2551165 ], [ 103.8239703, 1.2554908 ], [ 103.8239214, 1.2554501 ], [ 103.8239509, 1.2554146 ] ] ] } },
{ "type": "Feature", "properties": { "element": "way", "id": 104212823, "name": null, "building": "retail" }, "geometry": { "type": "Polygon", "coordinates": [ [ [ 103.8211922, 1.2561334 ], [ 103.8211939, 1.256127 ], [ 103.8210889, 1.2560995 ], [ 103.8210867, 1.2561081 ], [ 103.8210798, 1.2561345 ], [ 103.8210593, 1.2562125 ], [ 103.8211646, 1.25624 ], [ 103.8211849, 1.2561626 ], [ 103.8211922, 1.2561334 ] ] ] } },
{ "type": "Feature", "properties": { "element": "way", "id": 104213457, "name": null, "building": "roof" }, "geometry": { "type": "Polygon", "coordinates": [ [ [ 103.8214081, 1.2565032 ], [ 103.8214898, 1.2564352 ], [ 103.8214486, 1.2563858 ], [ 103.8214042, 1.2563326 ], [ 103.8213226, 1.2564007 ], [ 103.821367, 1.2564538 ], [ 103.8214081, 1.2565032 ] ] ] } },
{ "type": "Feature", "properties": { "element": "way", "id": 104213574, "name": null, "building": "retail" }, "geometry": { "type": "Polygon", "coordinates": [ [ [ 103.8210541, 1.2560995 ], [ 103.8210574, 1.2560868 ], [ 103.8209506, 1.2560588 ], [ 103.8209197, 1.2561769 ], [ 103.8210262, 1.2562048 ], [ 103.8210469, 1.2561259 ], [ 103.8210541, 1.2560995 ] ] ] } },
{ "type": "Feature", "properties": { "element": "way", "id": 108576080, "name": "Hard Rock Hotel Singapore", "building": "hotel" }, "geometry": { "type": "Polygon", "coordinates": [ [ [ 103.8187285, 1.2575888 ], [ 103.8186745, 1.2575936 ], [ 103.8186635, 1.2574682 ], [ 103.8187683, 1.2574595 ], [ 103.8187776, 1.2573605 ], [ 103.8187953, 1.2572903 ], [ 103.8187307, 1.257238 ], [ 103.8187251, 1.2572451 ], [ 103.8186694, 1.2572007 ], [ 103.8187119, 1.2571475 ], [ 103.8187644, 1.2571893 ], [ 103.8187794, 1.2571704 ], [ 103.8186745, 1.2570846 ], [ 103.8186261, 1.2570483 ], [ 103.8187473, 1.2568962 ], [ 103.8187955, 1.2569309 ], [ 103.8189012, 1.2570188 ], [ 103.8189141, 1.2570026 ], [ 103.8188589, 1.2569585 ], [ 103.8188993, 1.2569078 ], [ 103.8190153, 1.2569986 ], [ 103.8191082, 1.2569483 ], [ 103.8190899, 1.2569154 ], [ 103.8191703, 1.2568816 ], [ 103.8191794, 1.2569124 ], [ 103.8192575, 1.2568916 ], [ 103.8192588, 1.2569034 ], [ 103.8193533, 1.256879 ], [ 103.8194035, 1.2570733 ], [ 103.8193092, 1.2570983 ], [ 103.8191878, 1.2571546 ], [ 103.8191138, 1.2572152 ], [ 103.8190536, 1.2572904 ], [ 103.8190092, 1.2573802 ], [ 103.8189827, 1.2575051 ], [ 103.8189855, 1.2575927 ], [ 103.8190128, 1.2575817 ], [ 103.8190212, 1.2576025 ], [ 103.8190283, 1.2575996 ], [ 103.819064, 1.2575852 ], [ 103.819106, 1.2576894 ], [ 103.8191469, 1.2577907 ], [ 103.8191109, 1.2578052 ], [ 103.8190854, 1.2578156 ], [ 103.819133, 1.2578622 ], [ 103.819166, 1.2578866 ], [ 103.8192252, 1.2579198 ], [ 103.8192601, 1.2579343 ], [ 103.8193284, 1.2579532 ], [ 103.8193644, 1.2579586 ], [ 103.819436, 1.2579605 ], [ 103.8194754, 1.2579566 ], [ 103.8195396, 1.2579424 ], [ 103.8195778, 1.257929 ], [ 103.8196416, 1.257897 ], [ 103.8196682, 1.2578796 ], [ 103.8197574, 1.2578197 ], [ 103.8198696, 1.2579852 ], [ 103.8197796, 1.258044 ], [ 103.8197409, 1.2580709 ], [ 103.819689, 1.2581004 ], [ 103.8196341, 1.2581246 ], [ 103.8195956, 1.2581378 ], [ 103.8195488, 1.25815 ], [ 103.8194957, 1.2581591 ], [ 103.8194592, 1.2581624 ], [ 103.8193871, 1.2581623 ], [ 103.8192936, 1.258149 ], [ 103.8192002, 1.2581196 ], [ 103.8191127, 1.258075 ], [ 103.8190293, 1.2580125 ], [ 103.818979, 1.2580696 ], [ 103.8189601, 1.2580911 ], [ 103.818864, 1.2580065 ], [ 103.8188863, 1.2579812 ], [ 103.8189041, 1.257961 ], [ 103.8188859, 1.2579226 ], [ 103.8188602, 1.257935 ], [ 103.8188457, 1.257905 ], [ 103.8187836, 1.2579349 ], [ 103.8187244, 1.2579635 ], [ 103.8186215, 1.2577504 ], [ 103.8186778, 1.2577233 ], [ 103.8187438, 1.2576915 ], [ 103.8187191, 1.2576404 ], [ 103.8187469, 1.257627 ], [ 103.8187285, 1.2575888 ] ] ] } },
{ "type": "Feature", "properties": { "element": "way", "id": 116818062, "name": null, "building": "yes" }, "geometry": { "type": "Polygon", "coordinates": [ [ [ 103.819516, 1.2540821 ], [ 103.8194812, 1.2540664 ], [ 103.8194645, 1.2540589 ], [ 103.8194624, 1.254058 ], [ 103.8194268, 1.2540338 ], [ 103.8193658, 1.2539829 ], [ 103.8193126, 1.2539197 ], [ 103.8192854, 1.2538756 ], [ 103.8192639, 1.2537818 ], [ 103.8192625, 1.2537647 ], [ 103.8192884, 1.2537402 ], [ 103.8193714, 1.2537473 ], [ 103.8194419, 1.2537898 ], [ 103.8195011, 1.253833 ], [ 103.8195579, 1.2538869 ], [ 103.8196019, 1.2539373 ], [ 103.8196044, 1.2539439 ], [ 103.819626, 1.2540017 ], [ 103.8196314, 1.2540634 ], [ 103.8196045, 1.2540875 ], [ 103.819516, 1.2540821 ] ] ] } },
{ "type": "Feature", "properties": { "element": "way", "id": 116818069, "name": null, "building": "yes" }, "geometry": { "type": "Polygon", "coordinates": [ [ [ 103.8240458, 1.2498508 ], [ 103.823945, 1.2498495 ], [ 103.8238767, 1.2498244 ], [ 103.8237995, 1.2497621 ], [ 103.8237405, 1.2496817 ], [ 103.8237351, 1.2495369 ], [ 103.8237834, 1.2494242 ], [ 103.8238424, 1.2493652 ], [ 103.8239444, 1.2493277 ], [ 103.8240516, 1.2493285 ], [ 103.8241643, 1.249376 ], [ 103.8242221, 1.2493877 ], [ 103.8242904, 1.2493821 ], [ 103.8244393, 1.2493319 ], [ 103.8245097, 1.2492933 ], [ 103.8245721, 1.2492133 ], [ 103.8246256, 1.2491293 ], [ 103.8247276, 1.2490542 ], [ 103.8247893, 1.24903 ], [ 103.8248563, 1.249022 ], [ 103.8249168, 1.24903 ], [ 103.8249766, 1.2490495 ], [ 103.8250383, 1.2490852 ], [ 103.8250883, 1.2491291 ], [ 103.8251305, 1.2491862 ], [ 103.8251567, 1.2492473 ], [ 103.8251739, 1.2493183 ], [ 103.8251729, 1.2493956 ], [ 103.8251397, 1.2494993 ], [ 103.8250816, 1.2495798 ], [ 103.8249984, 1.2496435 ], [ 103.824908, 1.2496711 ], [ 103.8249049, 1.2496683 ], [ 103.8248871, 1.2495716 ], [ 103.8249567, 1.2495484 ], [ 103.8249602, 1.249522 ], [ 103.8250037, 1.249484 ], [ 103.8250318, 1.2494339 ], [ 103.8250499, 1.2493845 ], [ 103.8250441, 1.2492955 ], [ 103.8250219, 1.2492396 ], [ 103.8249886, 1.2492015 ], [ 103.8249461, 1.2491703 ], [ 103.8248992, 1.2491507 ], [ 103.824834, 1.2491451 ], [ 103.8247705, 1.2491667 ], [ 103.8247189, 1.2492061 ], [ 103.824679, 1.2492627 ], [ 103.8246496, 1.2493147 ], [ 103.8246109, 1.2493678 ], [ 103.8245828, 1.2493722 ], [ 103.8245069, 1.2494316 ], [ 103.8244212, 1.2494717 ], [ 103.824366, 1.249492 ], [ 103.8243149, 1.2494979 ], [ 103.8242017, 1.2494967 ], [ 103.8241791, 1.2495061 ], [ 103.8240311, 1.2494507 ], [ 103.8239691, 1.2494445 ], [ 103.8239043, 1.2494731 ], [ 103.8238664, 1.2495231 ], [ 103.8238532, 1.2495744 ], [ 103.8238552, 1.2496206 ], [ 103.8238721, 1.2496591 ], [ 103.8239028, 1.2496963 ], [ 103.8239418, 1.2497223 ], [ 103.8239562, 1.2497415 ], [ 103.8239867, 1.2497497 ], [ 103.8240285, 1.249745 ], [ 103.824046, 1.2498403 ], [ 103.8240458, 1.2498508 ] ] ] } },
{ "type": "Feature", "properties": { "element": "way", "id": 116818083, "name": "Beach Arrival Plaza", "building": "yes" }, "geometry": { "type": "Polygon", "coordinates": [ [ [ 103.8184314, 1.2520453 ], [ 103.8184308, 1.2519796 ], [ 103.8184295, 1.2518494 ], [ 103.8182912, 1.2518507 ], [ 103.8182893, 1.2516535 ], [ 103.8182891, 1.2516311 ], [ 103.8182887, 1.2515907 ], [ 103.8182886, 1.2515827 ], [ 103.8182884, 1.2515632 ], [ 103.8182871, 1.2514296 ], [ 103.8187245, 1.2514246 ], [ 103.8188225, 1.2514245 ], [ 103.8188227, 1.2514525 ], [ 103.8190849, 1.25145 ], [ 103.8190852, 1.2514768 ], [ 103.8190859, 1.2515537 ], [ 103.8190862, 1.2515811 ], [ 103.8190865, 1.2516174 ], [ 103.8190867, 1.2516374 ], [ 103.8190895, 1.2519337 ], [ 103.8190903, 1.2520143 ], [ 103.818828, 1.2520168 ], [ 103.8188282, 1.2520415 ], [ 103.8185843, 1.2520438 ], [ 103.8184314, 1.2520453 ] ] ] } },
{ "type": "Feature", "properties": { "element": "way", "id": 116818084, "name": "Festive Walk", "building": "roof" }, "geometry": { "type": "Polygon", "coordinates": [ [ [ 103.8200923, 1.2558617 ], [ 103.8200696, 1.2558748 ], [ 103.8199987, 1.2557513 ], [ 103.8199324, 1.2556361 ], [ 103.8199151, 1.2556081 ], [ 103.8198887, 1.255561 ], [ 103.8198642, 1.2555174 ], [ 103.8197965, 1.2554002 ], [ 103.8197325, 1.2552891 ], [ 103.8196705, 1.2551812 ], [ 103.8196647, 1.2551633 ], [ 103.8196543, 1.2551286 ], [ 103.8196554, 1.2550749 ], [ 103.8196729, 1.2550333 ], [ 103.8196997, 1.2549958 ], [ 103.8197265, 1.254971 ], [ 103.8197406, 1.2549604 ], [ 103.8197607, 1.2549455 ], [ 103.8197909, 1.2549247 ], [ 103.8198244, 1.2549059 ], [ 103.8198606, 1.2548878 ], [ 103.8198995, 1.2548764 ], [ 103.8199478, 1.2548804 ], [ 103.8199853, 1.2548939 ], [ 103.8200476, 1.2549643 ], [ 103.8201096, 1.2550722 ], [ 103.8201736, 1.2551834 ], [ 103.8202411, 1.2553007 ], [ 103.8203094, 1.2554193 ], [ 103.8203757, 1.2555345 ], [ 103.8204467, 1.2556579 ], [ 103.8204313, 1.2557137 ], [ 103.8204205, 1.2557325 ], [ 103.8204116, 1.2557445 ], [ 103.8204176, 1.2557605 ], [ 103.8204227, 1.2557711 ], [ 103.8204319, 1.255787 ], [ 103.820438, 1.2557956 ], [ 103.8204497, 1.2558099 ], [ 103.8204613, 1.2558214 ], [ 103.8204766, 1.2558338 ], [ 103.8204914, 1.2558434 ], [ 103.8205086, 1.2558523 ], [ 103.8205231, 1.255858 ], [ 103.8205453, 1.2558641 ], [ 103.8205588, 1.2558664 ], [ 103.8205816, 1.2558678 ], [ 103.8205942, 1.2558674 ], [ 103.8206078, 1.2558659 ], [ 103.8206208, 1.2558635 ], [ 103.820631, 1.2558609 ], [ 103.8206551, 1.2558994 ], [ 103.8206594, 1.2559331 ], [ 103.820682, 1.2559382 ], [ 103.8207085, 1.2559538 ], [ 103.8207237, 1.2559705 ], [ 103.8207311, 1.2559832 ], [ 103.8207509, 1.2559676 ], [ 103.8207312, 1.2559315 ], [ 103.8207328, 1.2558977 ], [ 103.8207387, 1.2558661 ], [ 103.8207459, 1.2558331 ], [ 103.8207539, 1.2557976 ], [ 103.8207636, 1.2557608 ], [ 103.8207728, 1.2557253 ], [ 103.8207854, 1.255687 ], [ 103.820798, 1.2556488 ], [ 103.8208232, 1.2556146 ], [ 103.8208572, 1.2556026 ], [ 103.8208951, 1.2556116 ], [ 103.8209254, 1.2556491 ], [ 103.8209267, 1.2556873 ], [ 103.8209207, 1.2557215 ], [ 103.8209141, 1.2557587 ], [ 103.8209063, 1.2558004 ], [ 103.8208971, 1.2558344 ], [ 103.8208853, 1.255868 ], [ 103.8208752, 1.255899 ], [ 103.8208649, 1.2559298 ], [ 103.8208466, 1.2559594 ], [ 103.8208304, 1.2559746 ], [ 103.8208136, 1.2559793 ], [ 103.8208245, 1.2560028 ], [ 103.8208236, 1.2560158 ], [ 103.8208098, 1.2560505 ], [ 103.8207969, 1.2560585 ], [ 103.8207894, 1.2560904 ], [ 103.8207854, 1.2561072 ], [ 103.8207884, 1.2561225 ], [ 103.8207888, 1.2561616 ], [ 103.8207822, 1.2561887 ], [ 103.8207764, 1.2562126 ], [ 103.8207701, 1.2562383 ], [ 103.8207647, 1.2562606 ], [ 103.8207534, 1.2562835 ], [ 103.8207109, 1.2562739 ], [ 103.8206611, 1.2562603 ], [ 103.8206676, 1.2562363 ], [ 103.8206742, 1.2562122 ], [ 103.8206812, 1.2561866 ], [ 103.8206877, 1.2561629 ], [ 103.820695, 1.256136 ], [ 103.8206962, 1.2561238 ], [ 103.8207007, 1.2561134 ], [ 103.8207095, 1.2561033 ], [ 103.8207096, 1.2560871 ], [ 103.8206874, 1.2561013 ], [ 103.8206611, 1.2561085 ], [ 103.82062, 1.2561033 ], [ 103.8206028, 1.2561491 ], [ 103.8205775, 1.2561639 ], [ 103.8205533, 1.2561664 ], [ 103.8205312, 1.2561481 ], [ 103.8205053, 1.2561392 ], [ 103.8204691, 1.256142 ], [ 103.8204398, 1.2561568 ], [ 103.820418, 1.256182 ], [ 103.8204091, 1.2562147 ], [ 103.8204157, 1.2562494 ], [ 103.8203768, 1.2562783 ], [ 103.8203732, 1.2562544 ], [ 103.8203845, 1.2562247 ], [ 103.8203785, 1.256189 ], [ 103.8203599, 1.2561642 ], [ 103.8203008, 1.2561475 ], [ 103.8203134, 1.2560652 ], [ 103.8203428, 1.255994 ], [ 103.8203737, 1.2559761 ], [ 103.8204629, 1.2559952 ], [ 103.8205247, 1.2560201 ], [ 103.8205678, 1.2560493 ], [ 103.8205634, 1.2560133 ], [ 103.8205685, 1.2559906 ], [ 103.8205776, 1.2559724 ], [ 103.8206001, 1.2559491 ], [ 103.8205739, 1.2559578 ], [ 103.8205497, 1.2559573 ], [ 103.8205312, 1.2559553 ], [ 103.8205084, 1.255951 ], [ 103.8204887, 1.2559454 ], [ 103.8204673, 1.2559374 ], [ 103.8204421, 1.255925 ], [ 103.820417, 1.2559088 ], [ 103.8204009, 1.255896 ], [ 103.8203828, 1.2558789 ], [ 103.8203664, 1.2558599 ], [ 103.8203545, 1.2558434 ], [ 103.8203458, 1.2558293 ], [ 103.8203398, 1.2558182 ], [ 103.8203321, 1.2558015 ], [ 103.8203026, 1.2557956 ], [ 103.820266, 1.2557956 ], [ 103.8202419, 1.2558087 ], [ 103.8202181, 1.2558363 ], [ 103.8202007, 1.255871 ], [ 103.8202316, 1.2559083 ], [ 103.8202365, 1.2559162 ], [ 103.8202363, 1.2559273 ], [ 103.8202314, 1.255937 ], [ 103.8202133, 1.2559718 ], [ 103.8201942, 1.2560089 ], [ 103.8201743, 1.2560473 ], [ 103.8201511, 1.256092 ], [ 103.8201256, 1.2560589 ], [ 103.820099, 1.2560425 ], [ 103.8200588, 1.2560408 ], [ 103.8200773, 1.2559958 ], [ 103.8200937, 1.2559558 ], [ 103.8201104, 1.2559151 ], [ 103.8201197, 1.2558925 ], [ 103.8201034, 1.2558814 ], [ 103.8200923, 1.2558617 ] ] ] } },
{ "type": "Feature", "properties": { "element": "way", "id": 116818107, "name": null, "building": "grandstand" }, "geometry": { "type": "Polygon", "coordinates": [ [ [ 103.8166192, 1.2516821 ], [ 103.8165549, 1.2515293 ], [ 103.8166595, 1.251473 ], [ 103.8167802, 1.2514059 ], [ 103.8168821, 1.2513389 ], [ 103.8169492, 1.2512879 ], [ 103.8170216, 1.2512236 ], [ 103.8170913, 1.2511458 ], [ 103.817161, 1.2510654 ], [ 103.8172227, 1.2509661 ], [ 103.8172952, 1.2508428 ], [ 103.8173515, 1.2507335 ], [ 103.8175099, 1.2508403 ], [ 103.8173884, 1.2510576 ], [ 103.8171672, 1.2513393 ], [ 103.8169888, 1.2514918 ], [ 103.8168912, 1.2515584 ], [ 103.8167459, 1.2516335 ], [ 103.8166192, 1.2516821 ] ] ] } },
{ "type": "Feature", "properties": { "element": "way", "id": 116818121, "name": null, "building": "yes" }, "geometry": { "type": "Polygon", "coordinates": [ [ [ 103.8211768, 1.2557907 ], [ 103.8211388, 1.2557824 ], [ 103.8210449, 1.2557433 ], [ 103.8209772, 1.2556724 ], [ 103.8209122, 1.2555942 ], [ 103.8207857, 1.2554418 ], [ 103.8207411, 1.2553488 ], [ 103.8207342, 1.2552576 ], [ 103.8207558, 1.2552447 ], [ 103.82083, 1.2552639 ], [ 103.8208814, 1.2552921 ], [ 103.8209267, 1.2553268 ], [ 103.8211469, 1.2555897 ], [ 103.8211831, 1.2556488 ], [ 103.8211968, 1.2557037 ], [ 103.8212021, 1.2557724 ], [ 103.8211768, 1.2557907 ] ] ] } },
{ "type": "Feature", "properties": { "element": "way", "id": 116818125, "name": null, "building": "yes" }, "geometry": { "type": "Polygon", "coordinates": [ [ [ 103.8176108, 1.2511173 ], [ 103.8175389, 1.2509991 ], [ 103.8176152, 1.2509527 ], [ 103.8176872, 1.2510709 ], [ 103.8176108, 1.2511173 ] ] ] } },
{ "type": "Feature", "properties": { "element": "way", "id": 116818127, "name": null, "building": "yes" }, "geometry": { "type": "Polygon", "coordinates": [ [ [ 103.8174004, 1.2517591 ], [ 103.8173119, 1.251607 ], [ 103.8172515, 1.2516311 ], [ 103.8171865, 1.2516337 ], [ 103.8171127, 1.251613 ], [ 103.8170578, 1.2515721 ], [ 103.8169525, 1.2516714 ], [ 103.8169853, 1.2517169 ], [ 103.8170343, 1.2517571 ], [ 103.817108, 1.2517879 ], [ 103.8171738, 1.251808 ], [ 103.8172415, 1.2518107 ], [ 103.8173186, 1.2517926 ], [ 103.8174004, 1.2517591 ] ] ] } },
{ "type": "Feature", "properties": { "element": "way", "id": 116818153, "name": null, "building": "roof" }, "geometry": { "type": "Polygon", "coordinates": [ [ [ 103.8135855, 1.2544785 ], [ 103.8135075, 1.2543959 ], [ 103.8135668, 1.2543399 ], [ 103.8136448, 1.2544225 ], [ 103.8135855, 1.2544785 ] ] ] } },
{ "type": "Feature", "properties": { "element": "way", "id": 116818155, "name": "Rumours Beach Club", "building": "yes" }, "geometry": { "type": "Polygon", "coordinates": [ [ [ 103.8145286, 1.2541922 ], [ 103.8144677, 1.2541243 ], [ 103.8145079, 1.2540882 ], [ 103.8144855, 1.2540633 ], [ 103.8146184, 1.2539442 ], [ 103.8146293, 1.2539563 ], [ 103.8146538, 1.2539343 ], [ 103.8146246, 1.2539017 ], [ 103.8146905, 1.2538426 ], [ 103.8147205, 1.2538761 ], [ 103.8147021, 1.2538926 ], [ 103.8147479, 1.2539436 ], [ 103.8146862, 1.2539989 ], [ 103.8147121, 1.2540278 ], [ 103.8145286, 1.2541922 ] ] ] } },
{ "type": "Feature", "properties": { "element": "way", "id": 116818158, "name": "Wings of Time", "building": "hut" }, "geometry": { "type": "Polygon", "coordinates": [ [ [ 103.8163939, 1.2510573 ], [ 103.8163913, 1.2510091 ], [ 103.8164717, 1.2509796 ], [ 103.8165468, 1.2509072 ], [ 103.81663, 1.2508428 ], [ 103.81641, 1.2505988 ], [ 103.8163725, 1.2506175 ], [ 103.8163269, 1.2505478 ], [ 103.8163778, 1.2505049 ], [ 103.8164449, 1.2505505 ], [ 103.8164261, 1.2505773 ], [ 103.8166675, 1.2508267 ], [ 103.8167373, 1.2507302 ], [ 103.8168016, 1.2506712 ], [ 103.8168419, 1.2505773 ], [ 103.8168633, 1.2505317 ], [ 103.8168681, 1.2505375 ], [ 103.8169009, 1.2505773 ], [ 103.8168365, 1.2507114 ], [ 103.8166997, 1.2508562 ], [ 103.8166461, 1.2509018 ], [ 103.81652, 1.2510198 ], [ 103.8164503, 1.251052 ], [ 103.8163939, 1.2510573 ] ] ] } },
{ "type": "Feature", "properties": { "element": "way", "id": 116818166, "name": "Stage28", "building": "yes" }, "geometry": { "type": "Polygon", "coordinates": [ [ [ 103.8216551, 1.2551068 ], [ 103.8216442, 1.2552136 ], [ 103.8212461, 1.2555382 ], [ 103.8209242, 1.2551789 ], [ 103.8211549, 1.2549751 ], [ 103.8211817, 1.2550126 ], [ 103.8212359, 1.2549566 ], [ 103.8211643, 1.2548762 ], [ 103.8211477, 1.2548988 ], [ 103.8210378, 1.2547859 ], [ 103.8211262, 1.2547089 ], [ 103.8211664, 1.2547538 ], [ 103.8212466, 1.2548435 ], [ 103.821323, 1.2547825 ], [ 103.8216212, 1.2551359 ], [ 103.8216551, 1.2551068 ] ] ] } },
{ "type": "Feature", "properties": { "element": "way", "id": 116818180, "name": "Sapphire Pavillion", "building": "roof" }, "geometry": { "type": "Polygon", "coordinates": [ [ [ 103.8128466, 1.255695 ], [ 103.8126938, 1.2555236 ], [ 103.8129408, 1.2553036 ], [ 103.8130935, 1.2554751 ], [ 103.8128466, 1.255695 ] ] ] } },
{ "type": "Feature", "properties": { "element": "way", "id": 116818184, "name": "Revenge of the Mummy", "building": "yes" }, "geometry": { "type": "Polygon", "coordinates": [ [ [ 103.8226962, 1.2534633 ], [ 103.8226958, 1.2533473 ], [ 103.8226942, 1.252887 ], [ 103.8235607, 1.2528841 ], [ 103.8235626, 1.2534604 ], [ 103.8226962, 1.2534633 ] ] ] } },
{ "type": "Feature", "properties": { "element": "way", "id": 116818193, "name": "Hotel Michael", "building": "hotel" }, "geometry": { "type": "Polygon", "coordinates": [ [ [ 103.8205122, 1.2557822 ], [ 103.8204876, 1.2557184 ], [ 103.8204762, 1.2556668 ], [ 103.8204477, 1.2555574 ], [ 103.8204053, 1.2554448 ], [ 103.8204012, 1.255434 ], [ 103.8203936, 1.2554179 ], [ 103.8203451, 1.2553154 ], [ 103.8203367, 1.2552976 ], [ 103.8203317, 1.2552879 ], [ 103.8202779, 1.2551821 ], [ 103.8202712, 1.255169 ], [ 103.8202596, 1.2551515 ], [ 103.8201987, 1.2550598 ], [ 103.8201889, 1.255045 ], [ 103.8201801, 1.2550325 ], [ 103.820114, 1.2549384 ], [ 103.8201044, 1.2549247 ], [ 103.8200912, 1.254909 ], [ 103.8200132, 1.2548158 ], [ 103.8199957, 1.2547981 ], [ 103.819912, 1.2547134 ], [ 103.8198951, 1.2547299 ], [ 103.8197962, 1.2546284 ], [ 103.8199842, 1.2544377 ], [ 103.8200836, 1.2545385 ], [ 103.8200692, 1.2545553 ], [ 103.8201383, 1.2546184 ], [ 103.8201588, 1.254644 ], [ 103.8201823, 1.2546734 ], [ 103.8202242, 1.2547257 ], [ 103.8202629, 1.2547705 ], [ 103.8202849, 1.254796 ], [ 103.8203261, 1.2548437 ], [ 103.8203584, 1.2549002 ], [ 103.820369, 1.2549187 ], [ 103.8203822, 1.2549369 ], [ 103.8204387, 1.2550153 ], [ 103.8204475, 1.255035 ], [ 103.8204677, 1.2550805 ], [ 103.8204816, 1.2551118 ], [ 103.8205124, 1.2551909 ], [ 103.8205192, 1.2552083 ], [ 103.8205335, 1.2552255 ], [ 103.8205728, 1.2552727 ], [ 103.8205919, 1.2553298 ], [ 103.820605, 1.2553692 ], [ 103.8206426, 1.2554658 ], [ 103.8206495, 1.2554823 ], [ 103.8206855, 1.2555677 ], [ 103.820723, 1.2556374 ], [ 103.8207284, 1.2557393 ], [ 103.8206855, 1.2558197 ], [ 103.8206173, 1.2558351 ], [ 103.8205619, 1.255821 ], [ 103.8205122, 1.2557822 ] ] ] } },
{ "type": "Feature", "properties": { "element": "way", "id": 116818197, "name": null, "building": "yes" }, "geometry": { "type": "Polygon", "coordinates": [ [ [ 103.8215877, 1.2560956 ], [ 103.821562, 1.2560654 ], [ 103.821515, 1.2561054 ], [ 103.8213893, 1.2559568 ], [ 103.8214357, 1.2559207 ], [ 103.8215027, 1.2558698 ], [ 103.8214274, 1.2557885 ], [ 103.8212914, 1.2556416 ], [ 103.8216575, 1.2553325 ], [ 103.8218279, 1.2553439 ], [ 103.8220895, 1.2555164 ], [ 103.82196, 1.2557742 ], [ 103.8215877, 1.2560956 ] ] ] } },
{ "type": "Feature", "properties": { "element": "way", "id": 116818204, "name": "The Forum", "building": "roof" }, "geometry": { "type": "Polygon", "coordinates": [ [ [ 103.8203503, 1.2577257 ], [ 103.8203365, 1.2577132 ], [ 103.8203135, 1.2576924 ], [ 103.8202717, 1.2576774 ], [ 103.8202416, 1.2576437 ], [ 103.8202255, 1.2576033 ], [ 103.8202139, 1.2575898 ], [ 103.8202032, 1.2575774 ], [ 103.8201679, 1.2575623 ], [ 103.8201346, 1.2575167 ], [ 103.8201275, 1.2574873 ], [ 103.8201239, 1.2574722 ], [ 103.8201183, 1.2574647 ], [ 103.8201091, 1.2574524 ], [ 103.8200815, 1.2574331 ], [ 103.8200637, 1.2574206 ], [ 103.8200425, 1.2573811 ], [ 103.8200416, 1.2573456 ], [ 103.8200331, 1.2573262 ], [ 103.8200259, 1.2573098 ], [ 103.8199987, 1.2572919 ], [ 103.8199653, 1.2572338 ], [ 103.8199683, 1.2571957 ], [ 103.8199589, 1.2571727 ], [ 103.8199505, 1.257152 ], [ 103.8199272, 1.2571327 ], [ 103.8199132, 1.2570833 ], [ 103.819922, 1.2570446 ], [ 103.8199148, 1.2570164 ], [ 103.8199012, 1.2569992 ], [ 103.8198808, 1.2569734 ], [ 103.8198777, 1.2569497 ], [ 103.8198749, 1.2569278 ], [ 103.8198816, 1.256885 ], [ 103.8198826, 1.2568579 ], [ 103.8198628, 1.2568167 ], [ 103.8198539, 1.2567685 ], [ 103.8198573, 1.2567245 ], [ 103.8198682, 1.2566884 ], [ 103.8198503, 1.256657 ], [ 103.819848, 1.2566044 ], [ 103.8198673, 1.2565657 ], [ 103.8198749, 1.2565403 ], [ 103.8198641, 1.256494 ], [ 103.8198665, 1.2564414 ], [ 103.8198875, 1.2564078 ], [ 103.8198969, 1.2563797 ], [ 103.8198879, 1.2563218 ], [ 103.8199086, 1.2562748 ], [ 103.81993, 1.256254 ], [ 103.8199353, 1.256235 ], [ 103.8199391, 1.2562212 ], [ 103.8199385, 1.2561746 ], [ 103.8199549, 1.2561323 ], [ 103.8199844, 1.2561073 ], [ 103.820006, 1.2560675 ], [ 103.8200588, 1.2560408 ], [ 103.820099, 1.2560425 ], [ 103.8201256, 1.2560589 ], [ 103.8201511, 1.256092 ], [ 103.8201692, 1.2561403 ], [ 103.8202326, 1.256163 ], [ 103.8203008, 1.2561475 ], [ 103.8203599, 1.2561642 ], [ 103.8203785, 1.256189 ], [ 103.8203845, 1.2562247 ], [ 103.8203732, 1.2562544 ], [ 103.8203768, 1.2562783 ], [ 103.8203641, 1.2563105 ], [ 103.8203489, 1.2563383 ], [ 103.8203296, 1.2563585 ], [ 103.8204393, 1.2563889 ], [ 103.8204149, 1.2564908 ], [ 103.8203076, 1.256464 ], [ 103.8202956, 1.2565859 ], [ 103.8202916, 1.2566892 ], [ 103.8203063, 1.2567944 ], [ 103.8203278, 1.2569117 ], [ 103.8203579, 1.257027 ], [ 103.82047, 1.2569678 ], [ 103.8204846, 1.2570103 ], [ 103.8205132, 1.2570655 ], [ 103.8203897, 1.2571343 ], [ 103.8204565, 1.2572496 ], [ 103.8205415, 1.2573337 ], [ 103.8206013, 1.2573955 ], [ 103.8206317, 1.2574167 ], [ 103.8206421, 1.2574478 ], [ 103.8206382, 1.2574705 ], [ 103.8206264, 1.2574925 ], [ 103.820608, 1.2575126 ], [ 103.8205846, 1.2575947 ], [ 103.8205654, 1.2576247 ], [ 103.8205316, 1.257653 ], [ 103.8204964, 1.25767 ], [ 103.8204493, 1.2576793 ], [ 103.8204404, 1.2577001 ], [ 103.8204145, 1.2577262 ], [ 103.8203861, 1.2577317 ], [ 103.8203503, 1.2577257 ] ] ] } },
{ "type": "Feature", "properties": { "element": "way", "id": 116818220, "name": null, "building": "yes" }, "geometry": { "type": "Polygon", "coordinates": [ [ [ 103.8240883, 1.2498424 ], [ 103.8240865, 1.2498329 ], [ 103.824046, 1.2498403 ], [ 103.8240285, 1.249745 ], [ 103.8240195, 1.2496962 ], [ 103.8240572, 1.2496893 ], [ 103.8240526, 1.2496646 ], [ 103.8244029, 1.2496001 ], [ 103.8244074, 1.2496243 ], [ 103.8244212, 1.2496218 ], [ 103.8244185, 1.249607 ], [ 103.8247801, 1.2495404 ], [ 103.8247784, 1.2495314 ], [ 103.8248146, 1.2495247 ], [ 103.8248166, 1.2495359 ], [ 103.8248784, 1.2495245 ], [ 103.8248871, 1.2495716 ], [ 103.8249049, 1.2496683 ], [ 103.8248436, 1.2496796 ], [ 103.8248447, 1.2496858 ], [ 103.8247879, 1.2496963 ], [ 103.8247891, 1.2497024 ], [ 103.8246996, 1.2497188 ], [ 103.8247094, 1.2497723 ], [ 103.8246358, 1.2497859 ], [ 103.8246266, 1.2497363 ], [ 103.8244486, 1.249769 ], [ 103.8244473, 1.2497619 ], [ 103.8244309, 1.249765 ], [ 103.8244329, 1.2497758 ], [ 103.8243245, 1.2497958 ], [ 103.8243321, 1.2498373 ], [ 103.8242049, 1.2498607 ], [ 103.8241978, 1.2498222 ], [ 103.8240883, 1.2498424 ] ] ] } },
{ "type": "Feature", "properties": { "element": "way", "id": 116818224, "name": "iFly Singapore", "building": "yes" }, "geometry": { "type": "Polygon", "coordinates": [ [ [ 103.8177512, 1.2518902 ], [ 103.8177854, 1.2519455 ], [ 103.8178715, 1.2520947 ], [ 103.8173326, 1.2523592 ], [ 103.8171846, 1.2521295 ], [ 103.8173229, 1.2520651 ], [ 103.8173068, 1.2519554 ], [ 103.8175379, 1.2519215 ], [ 103.8177512, 1.2518902 ] ] ] } },
{ "type": "Feature", "properties": { "element": "way", "id": 116818227, "name": null, "building": "yes" }, "geometry": { "type": "Polygon", "coordinates": [ [ [ 103.8191465, 1.2555542 ], [ 103.8191968, 1.2555681 ], [ 103.8191833, 1.25562 ], [ 103.8192445, 1.2556359 ], [ 103.8192317, 1.2556848 ], [ 103.8192295, 1.2556931 ], [ 103.8192071, 1.2557794 ], [ 103.8189759, 1.2557192 ], [ 103.8189648, 1.2557618 ], [ 103.8189372, 1.2557546 ], [ 103.8188748, 1.2557383 ], [ 103.8188239, 1.255725 ], [ 103.818783, 1.2557143 ], [ 103.8187939, 1.2556723 ], [ 103.8188414, 1.2554906 ], [ 103.8188505, 1.2554556 ], [ 103.8188893, 1.2554657 ], [ 103.8189346, 1.2554776 ], [ 103.8190026, 1.2554953 ], [ 103.8190145, 1.2554984 ], [ 103.8190323, 1.2555031 ], [ 103.8190269, 1.2555239 ], [ 103.8191465, 1.2555542 ] ] ] } },
{ "type": "Feature", "properties": { "element": "way", "id": 116818240, "name": null, "building": "yes" }, "geometry": { "type": "Polygon", "coordinates": [ [ [ 103.8135347, 1.2550743 ], [ 103.8133785, 1.254894 ], [ 103.8134407, 1.2548415 ], [ 103.8135016, 1.2547927 ], [ 103.8134938, 1.2547826 ], [ 103.8135519, 1.2547372 ], [ 103.8135588, 1.2545648 ], [ 103.8138297, 1.2545766 ], [ 103.813832, 1.2545293 ], [ 103.8138421, 1.2545285 ], [ 103.813864, 1.2544356 ], [ 103.8139518, 1.254375 ], [ 103.8139715, 1.2543807 ], [ 103.8139524, 1.2544038 ], [ 103.8139652, 1.2544085 ], [ 103.8139819, 1.2543951 ], [ 103.813995, 1.2543944 ], [ 103.8140004, 1.254371 ], [ 103.8140061, 1.2543622 ], [ 103.8140195, 1.2543606 ], [ 103.8140279, 1.2543653 ], [ 103.8140292, 1.254372 ], [ 103.8140644, 1.2544102 ], [ 103.8140996, 1.2544112 ], [ 103.8140989, 1.2544276 ], [ 103.8140912, 1.2544286 ], [ 103.8140963, 1.2544628 ], [ 103.814111, 1.2544631 ], [ 103.8140758, 1.2545288 ], [ 103.814054, 1.2545261 ], [ 103.8140513, 1.2545194 ], [ 103.8139863, 1.254565 ], [ 103.81393, 1.2545114 ], [ 103.8139293, 1.2544802 ], [ 103.8139075, 1.2544779 ], [ 103.8138801, 1.2544505 ], [ 103.8138562, 1.2545291 ], [ 103.8139362, 1.2545371 ], [ 103.8138485, 1.2546479 ], [ 103.8137929, 1.2548196 ], [ 103.813597, 1.2548734 ], [ 103.8135683, 1.2548932 ], [ 103.8135784, 1.2549044 ], [ 103.8135342, 1.2549464 ], [ 103.8135969, 1.2550179 ], [ 103.8135347, 1.2550743 ] ] ] } },
{ "type": "Feature", "properties": { "element": "way", "id": 116818251, "name": null, "building": "yes" }, "geometry": { "type": "Polygon", "coordinates": [ [ [ 103.8199483, 1.2531583 ], [ 103.8195444, 1.2529479 ], [ 103.8195279, 1.2529797 ], [ 103.8193618, 1.2528931 ], [ 103.8193743, 1.2528691 ], [ 103.8191631, 1.252759 ], [ 103.8192071, 1.2526746 ], [ 103.8201101, 1.2531451 ], [ 103.8200776, 1.2532076 ], [ 103.8201064, 1.2532226 ], [ 103.8200123, 1.2534033 ], [ 103.8198616, 1.2533246 ], [ 103.8199483, 1.2531583 ] ] ] } },
{ "type": "Feature", "properties": { "element": "way", "id": 121883270, "name": null, "building": "yes" }, "geometry": { "type": "Polygon", "coordinates": [ [ [ 103.8237616, 1.2535193 ], [ 103.8237733, 1.2535 ], [ 103.8237909, 1.253482 ], [ 103.8238055, 1.2534722 ], [ 103.8238281, 1.2534629 ], [ 103.8238589, 1.2534589 ], [ 103.8238896, 1.2534642 ], [ 103.8239267, 1.2534856 ], [ 103.8239421, 1.2535027 ], [ 103.8239614, 1.2535553 ], [ 103.8239427, 1.2536243 ], [ 103.8239047, 1.2536575 ], [ 103.8238773, 1.253667 ], [ 103.8238411, 1.2536679 ], [ 103.8238056, 1.2536558 ], [ 103.8237814, 1.2536374 ], [ 103.8237571, 1.2535977 ], [ 103.8237518, 1.2535575 ], [ 103.8237616, 1.2535193 ] ] ] } },
{ "type": "Feature", "properties": { "element": "way", "id": 121883296, "name": null, "building": "yes" }, "geometry": { "type": "Polygon", "coordinates": [ [ [ 103.8248231, 1.2535034 ], [ 103.8247934, 1.2535151 ], [ 103.8247732, 1.2535399 ], [ 103.8247676, 1.2535714 ], [ 103.8247781, 1.2536016 ], [ 103.824802, 1.2536228 ], [ 103.8248333, 1.2536296 ], [ 103.8248639, 1.2536203 ], [ 103.824886, 1.2535973 ], [ 103.8248942, 1.2535675 ], [ 103.8248847, 1.253533 ], [ 103.8248581, 1.2535091 ], [ 103.8248231, 1.2535034 ] ] ] } },
{ "type": "Feature", "properties": { "element": "way", "id": 159558657, "name": "Sentosa Development Corporation", "building": "yes" }, "geometry": { "type": "Polygon", "coordinates": [ [ [ 103.8273298, 1.2502534 ], [ 103.827563, 1.2504124 ], [ 103.8273418, 1.2507367 ], [ 103.8271026, 1.2505736 ], [ 103.8272434, 1.2503672 ], [ 103.8272279, 1.2503567 ], [ 103.8272573, 1.2503136 ], [ 103.8272787, 1.2503282 ], [ 103.8273298, 1.2502534 ] ] ] } },
{ "type": "Feature", "properties": { "element": "way", "id": 159558663, "name": null, "building": "yes" }, "geometry": { "type": "Polygon", "coordinates": [ [ [ 103.8262121, 1.2503865 ], [ 103.8264191, 1.2505999 ], [ 103.8261994, 1.2508129 ], [ 103.8261397, 1.2507513 ], [ 103.8260901, 1.2507994 ], [ 103.8260802, 1.2507892 ], [ 103.8260591, 1.2508097 ], [ 103.8260297, 1.2508381 ], [ 103.8259229, 1.250728 ], [ 103.8259519, 1.2506999 ], [ 103.825972, 1.2506804 ], [ 103.8259414, 1.2506489 ], [ 103.8262121, 1.2503865 ] ] ] } },
{ "type": "Feature", "properties": { "element": "way", "id": 159558664, "name": null, "building": "yes" }, "geometry": { "type": "Polygon", "coordinates": [ [ [ 103.8268889, 1.24986 ], [ 103.8268243, 1.2497921 ], [ 103.8265783, 1.2500261 ], [ 103.8265873, 1.2500356 ], [ 103.8265408, 1.2500798 ], [ 103.8266011, 1.2501431 ], [ 103.8265614, 1.2501809 ], [ 103.826666, 1.2502909 ], [ 103.8269983, 1.2499749 ], [ 103.8269559, 1.2499305 ], [ 103.8272303, 1.2496695 ], [ 103.8271633, 1.2495991 ], [ 103.8268889, 1.24986 ] ] ] } },
{ "type": "Feature", "properties": { "element": "way", "id": 159558667, "name": null, "building": "yes" }, "geometry": { "type": "Polygon", "coordinates": [ [ [ 103.8268422, 1.2506065 ], [ 103.8269231, 1.2506673 ], [ 103.8268668, 1.2507422 ], [ 103.8267861, 1.2506815 ], [ 103.8268337, 1.2506188 ], [ 103.8268422, 1.2506065 ] ] ] } },
{ "type": "Feature", "properties": { "element": "way", "id": 159558681, "name": null, "building": "yes" }, "geometry": { "type": "Polygon", "coordinates": [ [ [ 103.8266967, 1.2505239 ], [ 103.8268337, 1.2506188 ], [ 103.8268422, 1.2506065 ], [ 103.8268949, 1.2505306 ], [ 103.8267834, 1.2504533 ], [ 103.8267674, 1.2504765 ], [ 103.8267419, 1.2504588 ], [ 103.8266967, 1.2505239 ] ] ] } },
{ "type": "Feature", "properties": { "element": "way", "id": 159558688, "name": null, "building": "yes" }, "geometry": { "type": "Polygon", "coordinates": [ [ [ 103.8265128, 1.2507149 ], [ 103.8265814, 1.2507866 ], [ 103.8264456, 1.2509165 ], [ 103.8264554, 1.2509268 ], [ 103.8263952, 1.2509844 ], [ 103.8263168, 1.2509024 ], [ 103.8265128, 1.2507149 ] ] ] } },
{ "type": "Feature", "properties": { "element": "way", "id": 159558690, "name": null, "building": "yes" }, "geometry": { "type": "Polygon", "coordinates": [ [ [ 103.8266298, 1.2505725 ], [ 103.8268366, 1.2507926 ], [ 103.8267231, 1.2508993 ], [ 103.8265163, 1.2506791 ], [ 103.8266298, 1.2505725 ] ] ] } },
{ "type": "Feature", "properties": { "element": "way", "id": 159558694, "name": null, "building": "yes" }, "geometry": { "type": "Polygon", "coordinates": [ [ [ 103.8269549, 1.2510322 ], [ 103.8269843, 1.2510546 ], [ 103.827064, 1.2509501 ], [ 103.8272024, 1.2510555 ], [ 103.8272412, 1.2510047 ], [ 103.8273407, 1.2510804 ], [ 103.8274563, 1.2509287 ], [ 103.8272793, 1.2507939 ], [ 103.8272141, 1.2508796 ], [ 103.8271519, 1.2508323 ], [ 103.8272086, 1.2507579 ], [ 103.827058, 1.2506432 ], [ 103.8267944, 1.250989 ], [ 103.8269167, 1.2510822 ], [ 103.8269549, 1.2510322 ] ] ] } },
{ "type": "Feature", "properties": { "element": "way", "id": 159558703, "name": null, "building": "yes" }, "geometry": { "type": "Polygon", "coordinates": [ [ [ 103.8271334, 1.2500521 ], [ 103.8272203, 1.2501443 ], [ 103.8269176, 1.2504295 ], [ 103.8268307, 1.2503373 ], [ 103.8271334, 1.2500521 ] ] ] } },
{ "type": "Feature", "properties": { "element": "way", "id": 159558706, "name": null, "building": "yes" }, "geometry": { "type": "Polygon", "coordinates": [ [ [ 103.8273927, 1.250726 ], [ 103.8276044, 1.2508744 ], [ 103.8276429, 1.2508195 ], [ 103.8275809, 1.250776 ], [ 103.8275888, 1.2507647 ], [ 103.8276316, 1.2507948 ], [ 103.8277682, 1.2506001 ], [ 103.8277511, 1.2505881 ], [ 103.8277344, 1.250612 ], [ 103.8277237, 1.2506045 ], [ 103.8277968, 1.2505003 ], [ 103.8277441, 1.2504634 ], [ 103.8276904, 1.2505398 ], [ 103.8276233, 1.2504928 ], [ 103.8276532, 1.2504502 ], [ 103.8276083, 1.2504187 ], [ 103.8273927, 1.250726 ] ] ] } },
{ "type": "Feature", "properties": { "element": "way", "id": 159636073, "name": "Emerald Pavillion", "building": "yes" }, "geometry": { "type": "Polygon", "coordinates": [ [ [ 103.814912, 1.2537294 ], [ 103.8147289, 1.2535296 ], [ 103.8149871, 1.2532849 ], [ 103.8150152, 1.2533116 ], [ 103.8150253, 1.2532863 ], [ 103.81504, 1.2532648 ], [ 103.8150749, 1.2532507 ], [ 103.8151265, 1.2532539 ], [ 103.8151681, 1.2532754 ], [ 103.8151822, 1.2533163 ], [ 103.8151795, 1.2533713 ], [ 103.8151507, 1.2534042 ], [ 103.8151192, 1.253417 ], [ 103.8151795, 1.2534752 ], [ 103.814912, 1.2537294 ] ] ] } },
{ "type": "Feature", "properties": { "element": "way", "id": 159636074, "name": null, "building": "yes" }, "geometry": { "type": "Polygon", "coordinates": [ [ [ 103.8159694, 1.2526447 ], [ 103.8161706, 1.2525145 ], [ 103.8161626, 1.2525039 ], [ 103.8162215, 1.2524756 ], [ 103.8162276, 1.2524838 ], [ 103.816308, 1.2524106 ], [ 103.8162269, 1.2522887 ], [ 103.8161371, 1.2523591 ], [ 103.8157086, 1.2526023 ], [ 103.8157146, 1.2527183 ], [ 103.8157448, 1.2527176 ], [ 103.8157682, 1.2527237 ], [ 103.8157951, 1.2527399 ], [ 103.8158138, 1.2527786 ], [ 103.8159251, 1.252719 ], [ 103.8159191, 1.252701 ], [ 103.8159057, 1.2526802 ], [ 103.8158816, 1.252658 ], [ 103.8158655, 1.2526447 ], [ 103.8159379, 1.2526025 ], [ 103.8159694, 1.2526447 ] ] ] } },
{ "type": "Feature", "properties": { "element": "way", "id": 159636080, "name": null, "building": "yes" }, "geometry": { "type": "Polygon", "coordinates": [ [ [ 103.8156158, 1.2529389 ], [ 103.815381, 1.2532535 ], [ 103.8153438, 1.2532258 ], [ 103.8152972, 1.2532881 ], [ 103.8151969, 1.2532133 ], [ 103.8152411, 1.253154 ], [ 103.8152082, 1.2531295 ], [ 103.8154453, 1.2528118 ], [ 103.8155313, 1.2528759 ], [ 103.8156158, 1.2529389 ] ] ] } },
{ "type": "Feature", "properties": { "element": "way", "id": 159637722, "name": null, "building": "yes" }, "geometry": { "type": "Polygon", "coordinates": [ [ [ 103.8173695, 1.2559812 ], [ 103.8174138, 1.2559725 ], [ 103.8174078, 1.2559417 ], [ 103.8174178, 1.2559397 ], [ 103.8174239, 1.2559591 ], [ 103.8175063, 1.255941 ], [ 103.8175014, 1.2559065 ], [ 103.81736, 1.2559404 ], [ 103.8173695, 1.2559812 ] ] ] } },
{ "type": "Feature", "properties": { "element": "way", "id": 159637723, "name": null, "building": "construction" }, "geometry": { "type": "Polygon", "coordinates": [ [ [ 103.8171275, 1.2553886 ], [ 103.8171245, 1.2553157 ], [ 103.8170979, 1.255316 ], [ 103.8170328, 1.2553166 ], [ 103.8170333, 1.2553669 ], [ 103.8169753, 1.2553457 ], [ 103.8168948, 1.2553758 ], [ 103.8168096, 1.2555795 ], [ 103.8167618, 1.255559 ], [ 103.816645, 1.2555981 ], [ 103.8167312, 1.2556326 ], [ 103.8167942, 1.2556499 ], [ 103.8169156, 1.2556472 ], [ 103.8169185, 1.2556135 ], [ 103.8171281, 1.2556025 ], [ 103.8171657, 1.2556011 ], [ 103.8172488, 1.2555601 ], [ 103.8172073, 1.2553873 ], [ 103.8171275, 1.2553886 ] ] ] } },
{ "type": "Feature", "properties": { "element": "way", "id": 159637725, "name": "Singapore Cable Car Station", "building": "yes" }, "geometry": { "type": "Polygon", "coordinates": [ [ [ 103.8175453, 1.2552805 ], [ 103.817593, 1.2552755 ], [ 103.8176415, 1.2557367 ], [ 103.8176595, 1.2557345 ], [ 103.8176623, 1.2557616 ], [ 103.8177462, 1.2557531 ], [ 103.8177431, 1.2557238 ], [ 103.8178091, 1.2557169 ], [ 103.8177609, 1.2552624 ], [ 103.8178034, 1.2552524 ], [ 103.8178365, 1.2552282 ], [ 103.8178444, 1.2551883 ], [ 103.8178342, 1.2550922 ], [ 103.817788, 1.255097 ], [ 103.8177968, 1.2551855 ], [ 103.8175384, 1.255211 ], [ 103.8175453, 1.2552805 ] ] ] } },
{ "type": "Feature", "properties": { "element": "way", "id": 159637726, "name": null, "building": "yes" }, "geometry": { "type": "Polygon", "coordinates": [ [ [ 103.8163349, 1.2554288 ], [ 103.8163369, 1.2554917 ], [ 103.8163704, 1.2555495 ], [ 103.8164348, 1.2555978 ], [ 103.8164516, 1.2555394 ], [ 103.8164294, 1.2555334 ], [ 103.8164388, 1.2555071 ], [ 103.8163926, 1.2554932 ], [ 103.8164053, 1.2554422 ], [ 103.8164187, 1.2554516 ], [ 103.8164261, 1.2554228 ], [ 103.8164335, 1.2554054 ], [ 103.8164154, 1.255402 ], [ 103.8164757, 1.2552544 ], [ 103.8165669, 1.2553007 ], [ 103.8166795, 1.2553127 ], [ 103.8166963, 1.2553457 ], [ 103.8166728, 1.2553336 ], [ 103.8166319, 1.2554227 ], [ 103.8166219, 1.2554181 ], [ 103.8165736, 1.2555401 ], [ 103.8165823, 1.2555433 ], [ 103.8165643, 1.2555783 ], [ 103.8165541, 1.2556023 ], [ 103.8164878, 1.2555824 ], [ 103.8164616, 1.2556479 ], [ 103.8164408, 1.2556434 ], [ 103.8163798, 1.2557258 ], [ 103.8163121, 1.2556796 ], [ 103.8163349, 1.2556385 ], [ 103.8163268, 1.2556345 ], [ 103.8162886, 1.2556514 ], [ 103.8162779, 1.2556279 ], [ 103.8161887, 1.2556655 ], [ 103.8161391, 1.2555488 ], [ 103.8161854, 1.2555327 ], [ 103.8161753, 1.2555146 ], [ 103.8162665, 1.2554684 ], [ 103.8162437, 1.2554335 ], [ 103.8162973, 1.2553658 ], [ 103.8163375, 1.2554066 ], [ 103.8163349, 1.2554288 ] ] ] } },
{ "type": "Feature", "properties": { "element": "way", "id": 159637727, "name": "Sentosa Nature Discovery", "building": "yes" }, "geometry": { "type": "Polygon", "coordinates": [ [ [ 103.8171709, 1.2557965 ], [ 103.8171882, 1.2558684 ], [ 103.8171741, 1.2558718 ], [ 103.8171773, 1.2558853 ], [ 103.8171961, 1.2559633 ], [ 103.8171998, 1.2559789 ], [ 103.8172264, 1.2559725 ], [ 103.8172721, 1.2559616 ], [ 103.8172898, 1.2559573 ], [ 103.8173479, 1.2559434 ], [ 103.81736, 1.2559404 ], [ 103.8175014, 1.2559065 ], [ 103.8175227, 1.2559014 ], [ 103.8175179, 1.255883 ], [ 103.8175034, 1.255821 ], [ 103.817498, 1.2557988 ], [ 103.8174688, 1.2558058 ], [ 103.817438, 1.2558132 ], [ 103.8172785, 1.2558515 ], [ 103.8172602, 1.2557751 ], [ 103.817218, 1.2557524 ], [ 103.8171709, 1.2557965 ] ] ] } },
{ "type": "Feature", "properties": { "element": "way", "id": 159637728, "name": null, "building": "yes" }, "geometry": { "type": "Polygon", "coordinates": [ [ [ 103.8175531, 1.2553593 ], [ 103.8174787, 1.2553667 ], [ 103.8174715, 1.2552949 ], [ 103.8174497, 1.255297 ], [ 103.8174337, 1.2551355 ], [ 103.8176126, 1.2551178 ], [ 103.8176093, 1.2550839 ], [ 103.8176549, 1.2550794 ], [ 103.8177001, 1.2550749 ], [ 103.8177031, 1.2551054 ], [ 103.817788, 1.255097 ], [ 103.8177968, 1.2551855 ], [ 103.8175384, 1.255211 ], [ 103.8175453, 1.2552805 ], [ 103.8175531, 1.2553593 ] ] ] } },
{ "type": "Feature", "properties": { "element": "way", "id": 159637729, "name": null, "building": "yes" }, "geometry": { "type": "Polygon", "coordinates": [ [ [ 103.8174621, 1.2557808 ], [ 103.8174312, 1.2557882 ], [ 103.817438, 1.2558132 ], [ 103.8174688, 1.2558058 ], [ 103.8174621, 1.2557808 ] ] ] } },
{ "type": "Feature", "properties": { "element": "way", "id": 159637730, "name": null, "building": "yes" }, "geometry": { "type": "Polygon", "coordinates": [ [ [ 103.8172264, 1.2559725 ], [ 103.8172368, 1.2560168 ], [ 103.8172817, 1.2560047 ], [ 103.8172721, 1.2559616 ], [ 103.8172264, 1.2559725 ] ] ] } },
{ "type": "Feature", "properties": { "element": "way", "id": 159637731, "name": null, "building": "yes" }, "geometry": { "type": "Polygon", "coordinates": [ [ [ 103.816707, 1.2555354 ], [ 103.8167385, 1.2554629 ], [ 103.8166319, 1.2554227 ], [ 103.8166728, 1.2553336 ], [ 103.8166963, 1.2553457 ], [ 103.816756, 1.2553664 ], [ 103.8167848, 1.2553055 ], [ 103.8168049, 1.2553135 ], [ 103.8168103, 1.2552948 ], [ 103.8169116, 1.2553356 ], [ 103.8168948, 1.2553758 ], [ 103.8168096, 1.2555795 ], [ 103.8167618, 1.255559 ], [ 103.816707, 1.2555354 ] ] ] } },
{ "type": "Feature", "properties": { "element": "way", "id": 159637733, "name": null, "building": "yes" }, "geometry": { "type": "Polygon", "coordinates": [ [ [ 103.8171961, 1.2559633 ], [ 103.8171563, 1.2559744 ], [ 103.8171479, 1.2559298 ], [ 103.8171402, 1.2558941 ], [ 103.8171773, 1.2558853 ], [ 103.8171961, 1.2559633 ] ] ] } },
{ "type": "Feature", "properties": { "element": "way", "id": 159637735, "name": null, "building": "yes" }, "geometry": { "type": "Polygon", "coordinates": [ [ [ 103.8169116, 1.2552361 ], [ 103.8169656, 1.255276 ], [ 103.8169974, 1.2552994 ], [ 103.8169621, 1.2553472 ], [ 103.8168763, 1.255284 ], [ 103.8169116, 1.2552361 ] ] ] } },
{ "type": "Feature", "properties": { "element": "way", "id": 159637736, "name": null, "building": "yes" }, "geometry": { "type": "Polygon", "coordinates": [ [ [ 103.8175849, 1.2558674 ], [ 103.8175704, 1.2558053 ], [ 103.8175438, 1.2558116 ], [ 103.8175034, 1.255821 ], [ 103.8175179, 1.255883 ], [ 103.8175849, 1.2558674 ] ] ] } },
{ "type": "Feature", "properties": { "element": "way", "id": 159637737, "name": null, "building": "yes" }, "geometry": { "type": "Polygon", "coordinates": [ [ [ 103.8172985, 1.255994 ], [ 103.8173555, 1.2559806 ], [ 103.8173479, 1.2559434 ], [ 103.8172898, 1.2559573 ], [ 103.8172985, 1.255994 ] ] ] } },
{ "type": "Feature", "properties": { "element": "way", "id": 159637740, "name": null, "building": "yes" }, "geometry": { "type": "Polygon", "coordinates": [ [ [ 103.8172189, 1.2556973 ], [ 103.8172988, 1.2556751 ], [ 103.817308, 1.2557082 ], [ 103.8173947, 1.2556841 ], [ 103.8173842, 1.2556463 ], [ 103.8174653, 1.2556238 ], [ 103.8174367, 1.255521 ], [ 103.8173834, 1.2555358 ], [ 103.8173541, 1.255544 ], [ 103.8171891, 1.2555898 ], [ 103.8172189, 1.2556973 ] ] ] } },
{ "type": "Feature", "properties": { "element": "way", "id": 159637741, "name": null, "building": "retail" }, "geometry": { "type": "Polygon", "coordinates": [ [ [ 103.8172851, 1.2555079 ], [ 103.8173541, 1.255544 ], [ 103.8173834, 1.2555358 ], [ 103.8174198, 1.2554677 ], [ 103.817351, 1.2554351 ], [ 103.8173069, 1.2554478 ], [ 103.8172851, 1.2555079 ] ] ] } },
{ "type": "Feature", "properties": { "element": "way", "id": 159638486, "name": null, "building": "yes" }, "geometry": { "type": "Polygon", "coordinates": [ [ [ 103.8179851, 1.2539491 ], [ 103.8181069, 1.2539043 ], [ 103.8181858, 1.2541187 ], [ 103.818064, 1.2541635 ], [ 103.8179851, 1.2539491 ] ] ] } },
{ "type": "Feature", "properties": { "element": "way", "id": 159638487, "name": null, "building": "yes" }, "geometry": { "type": "Polygon", "coordinates": [ [ [ 103.8184098, 1.2535271 ], [ 103.8185094, 1.2537262 ], [ 103.818364, 1.2537989 ], [ 103.8182644, 1.2535997 ], [ 103.8184098, 1.2535271 ] ] ] } },
{ "type": "Feature", "properties": { "element": "way", "id": 159638488, "name": null, "building": "yes" }, "geometry": { "type": "Polygon", "coordinates": [ [ [ 103.8179382, 1.2535551 ], [ 103.8180435, 1.253468 ], [ 103.8181675, 1.2536287 ], [ 103.8181622, 1.2536349 ], [ 103.8181783, 1.253659 ], [ 103.8181119, 1.253712 ], [ 103.8180938, 1.2536885 ], [ 103.8180622, 1.2537112 ], [ 103.8179382, 1.2535551 ] ] ] } },
{ "type": "Feature", "properties": { "element": "way", "id": 159638489, "name": null, "building": "yes" }, "geometry": { "type": "Polygon", "coordinates": [ [ [ 103.8182359, 1.2533907 ], [ 103.8183086, 1.2535372 ], [ 103.8182277, 1.2535773 ], [ 103.8181549, 1.2534309 ], [ 103.8182359, 1.2533907 ] ] ] } },
{ "type": "Feature", "properties": { "element": "way", "id": 159638491, "name": null, "building": "yes" }, "geometry": { "type": "Polygon", "coordinates": [ [ [ 103.817657, 1.253589 ], [ 103.8177494, 1.253855 ], [ 103.817693, 1.2538746 ], [ 103.8176007, 1.2536086 ], [ 103.817657, 1.253589 ] ] ] } },
{ "type": "Feature", "properties": { "element": "way", "id": 159638788, "name": null, "building": "yes" }, "geometry": { "type": "Polygon", "coordinates": [ [ [ 103.8186175, 1.2547207 ], [ 103.818676, 1.2547695 ], [ 103.8186472, 1.2548041 ], [ 103.8185886, 1.2547553 ], [ 103.8186175, 1.2547207 ] ] ] } },
{ "type": "Feature", "properties": { "element": "way", "id": 159638789, "name": null, "building": "yes" }, "geometry": { "type": "Polygon", "coordinates": [ [ [ 103.8185325, 1.2548368 ], [ 103.8186104, 1.2549 ], [ 103.8185462, 1.254979 ], [ 103.8184683, 1.2549158 ], [ 103.8185325, 1.2548368 ] ] ] } },
{ "type": "Feature", "properties": { "element": "way", "id": 159638790, "name": null, "building": "yes" }, "geometry": { "type": "Polygon", "coordinates": [ [ [ 103.8184377, 1.2549438 ], [ 103.8185184, 1.2550108 ], [ 103.8184543, 1.255088 ], [ 103.8183736, 1.255021 ], [ 103.8184377, 1.2549438 ] ] ] } },
{ "type": "Feature", "properties": { "element": "way", "id": 163029040, "name": null, "building": "yes" }, "geometry": { "type": "Polygon", "coordinates": [ [ [ 103.8268488, 1.2489767 ], [ 103.8269154, 1.2490261 ], [ 103.8269212, 1.2490183 ], [ 103.8269109, 1.2490107 ], [ 103.8269585, 1.2489466 ], [ 103.8270181, 1.2489909 ], [ 103.8269676, 1.2490589 ], [ 103.8270011, 1.2490838 ], [ 103.8268153, 1.249334 ], [ 103.8266659, 1.249223 ], [ 103.8268488, 1.2489767 ] ] ] } },
{ "type": "Feature", "properties": { "element": "way", "id": 163029041, "name": null, "building": "yes" }, "geometry": { "type": "Polygon", "coordinates": [ [ [ 103.8246313, 1.2507798 ], [ 103.8246426, 1.2508905 ], [ 103.8245621, 1.2508987 ], [ 103.8245662, 1.2509382 ], [ 103.8244762, 1.2509474 ], [ 103.8244729, 1.2509146 ], [ 103.8243858, 1.2509235 ], [ 103.8243741, 1.2508093 ], [ 103.8244743, 1.250799 ], [ 103.8244694, 1.2507515 ], [ 103.8245398, 1.2507443 ], [ 103.8245444, 1.2507887 ], [ 103.8246313, 1.2507798 ] ] ] } },
{ "type": "Feature", "properties": { "element": "way", "id": 163029042, "name": null, "building": "yes" }, "geometry": { "type": "Polygon", "coordinates": [ [ [ 103.8235884, 1.2498064 ], [ 103.823623, 1.2498623 ], [ 103.8236458, 1.2498895 ], [ 103.8236688, 1.2499125 ], [ 103.8235942, 1.2499746 ], [ 103.8235432, 1.2499182 ], [ 103.8235572, 1.2499097 ], [ 103.8235151, 1.2498472 ], [ 103.8235298, 1.2498381 ], [ 103.823525, 1.2498303 ], [ 103.8235476, 1.2498186 ], [ 103.823552, 1.2498263 ], [ 103.8235884, 1.2498064 ] ] ] } },
{ "type": "Feature", "properties": { "element": "way", "id": 163029043, "name": null, "building": "yes" }, "geometry": { "type": "Polygon", "coordinates": [ [ [ 103.8250787, 1.2501632 ], [ 103.8251786, 1.2502116 ], [ 103.8251402, 1.2502909 ], [ 103.8251708, 1.2503057 ], [ 103.8251314, 1.250387 ], [ 103.8251013, 1.2503724 ], [ 103.8250649, 1.2504476 ], [ 103.8249639, 1.2503988 ], [ 103.8250092, 1.2503053 ], [ 103.8249659, 1.2502843 ], [ 103.8249968, 1.2502205 ], [ 103.8250406, 1.2502417 ], [ 103.8250787, 1.2501632 ] ] ] } },
{ "type": "Feature", "properties": { "element": "way", "id": 163029045, "name": null, "building": "yes" }, "geometry": { "type": "Polygon", "coordinates": [ [ [ 103.8235526, 1.2494634 ], [ 103.8235455, 1.2494961 ], [ 103.8235408, 1.2495302 ], [ 103.8235384, 1.2495649 ], [ 103.8235361, 1.2495964 ], [ 103.823442, 1.2495891 ], [ 103.823445, 1.2495154 ], [ 103.8234601, 1.2495167 ], [ 103.8234753, 1.2494429 ], [ 103.8234921, 1.2494467 ], [ 103.8234941, 1.2494378 ], [ 103.8235185, 1.2494453 ], [ 103.8235161, 1.249454 ], [ 103.8235526, 1.2494634 ] ] ] } },
{ "type": "Feature", "properties": { "element": "way", "id": 163029046, "name": null, "building": "yes" }, "geometry": { "type": "Polygon", "coordinates": [ [ [ 103.8232232, 1.2497192 ], [ 103.823229, 1.2497521 ], [ 103.8232376, 1.2497854 ], [ 103.8232484, 1.2498184 ], [ 103.8232582, 1.2498485 ], [ 103.8231683, 1.2498773 ], [ 103.8231433, 1.2498079 ], [ 103.8231577, 1.2498034 ], [ 103.8231439, 1.2497293 ], [ 103.8231609, 1.2497265 ], [ 103.8231594, 1.2497175 ], [ 103.8231848, 1.2497153 ], [ 103.8231859, 1.2497242 ], [ 103.8232232, 1.2497192 ] ] ] } },
{ "type": "Feature", "properties": { "element": "way", "id": 163029047, "name": null, "building": "yes" }, "geometry": { "type": "Polygon", "coordinates": [ [ [ 103.8232163, 1.2495269 ], [ 103.8232135, 1.2495603 ], [ 103.8232134, 1.2495946 ], [ 103.8232156, 1.2496293 ], [ 103.8232175, 1.2496609 ], [ 103.8231232, 1.249666 ], [ 103.8231165, 1.2495926 ], [ 103.8231316, 1.2495919 ], [ 103.8231369, 1.2495167 ], [ 103.8231541, 1.2495183 ], [ 103.823155, 1.2495092 ], [ 103.8231801, 1.2495135 ], [ 103.8231789, 1.2495223 ], [ 103.8232163, 1.2495269 ] ] ] } },
{ "type": "Feature", "properties": { "element": "way", "id": 163029048, "name": null, "building": "yes" }, "geometry": { "type": "Polygon", "coordinates": [ [ [ 103.8232717, 1.2499013 ], [ 103.8232857, 1.2499317 ], [ 103.8233025, 1.2499617 ], [ 103.8233215, 1.2499908 ], [ 103.8233386, 1.2500174 ], [ 103.823259, 1.2500682 ], [ 103.8232171, 1.2500075 ], [ 103.8232299, 1.2499994 ], [ 103.8231976, 1.2499314 ], [ 103.8232134, 1.2499243 ], [ 103.8232096, 1.249916 ], [ 103.8232336, 1.2499074 ], [ 103.8232369, 1.2499157 ], [ 103.8232717, 1.2499013 ] ] ] } },
{ "type": "Feature", "properties": { "element": "way", "id": 163029050, "name": null, "building": "yes" }, "geometry": { "type": "Polygon", "coordinates": [ [ [ 103.8239789, 1.2488049 ], [ 103.8239454, 1.2488063 ], [ 103.8239113, 1.2488104 ], [ 103.8238771, 1.2488169 ], [ 103.823846, 1.2488226 ], [ 103.8238293, 1.2487297 ], [ 103.8239014, 1.248714 ], [ 103.823904, 1.2487289 ], [ 103.8239792, 1.248725 ], [ 103.8239798, 1.2487422 ], [ 103.8239889, 1.2487419 ], [ 103.8239878, 1.2487674 ], [ 103.8239788, 1.2487673 ], [ 103.8239789, 1.2488049 ] ] ] } },
{ "type": "Feature", "properties": { "element": "way", "id": 163029051, "name": null, "building": "yes" }, "geometry": { "type": "Polygon", "coordinates": [ [ [ 103.8232534, 1.2493362 ], [ 103.8232436, 1.2493682 ], [ 103.8232361, 1.2494018 ], [ 103.8232308, 1.2494361 ], [ 103.8232259, 1.2494673 ], [ 103.8231326, 1.2494521 ], [ 103.8231419, 1.2493789 ], [ 103.8231568, 1.2493815 ], [ 103.8231782, 1.2493093 ], [ 103.8231946, 1.2493145 ], [ 103.8231974, 1.2493058 ], [ 103.823221, 1.2493153 ], [ 103.8232179, 1.2493237 ], [ 103.8232534, 1.2493362 ] ] ] } },
{ "type": "Feature", "properties": { "element": "way", "id": 163029052, "name": null, "building": "yes" }, "geometry": { "type": "Polygon", "coordinates": [ [ [ 103.8252941, 1.2491447 ], [ 103.8253063, 1.2491758 ], [ 103.8253162, 1.2492088 ], [ 103.8253241, 1.2492426 ], [ 103.8253313, 1.2492734 ], [ 103.8254231, 1.2492514 ], [ 103.8254091, 1.2491785 ], [ 103.825393, 1.2491833 ], [ 103.8253857, 1.2491585 ], [ 103.8253672, 1.2491122 ], [ 103.8253512, 1.2491187 ], [ 103.8253478, 1.2491102 ], [ 103.8253249, 1.2491215 ], [ 103.8253286, 1.2491296 ], [ 103.8252941, 1.2491447 ] ] ] } },
{ "type": "Feature", "properties": { "element": "way", "id": 163029053, "name": null, "building": "yes" }, "geometry": { "type": "Polygon", "coordinates": [ [ [ 103.8233375, 1.2491636 ], [ 103.8233206, 1.2491925 ], [ 103.8233057, 1.2492235 ], [ 103.8232926, 1.2492557 ], [ 103.8232807, 1.249285 ], [ 103.8231934, 1.2492489 ], [ 103.8232192, 1.2491797 ], [ 103.8232331, 1.2491856 ], [ 103.8232704, 1.2491202 ], [ 103.8232852, 1.2491291 ], [ 103.8232899, 1.2491212 ], [ 103.8233107, 1.2491359 ], [ 103.8233058, 1.2491434 ], [ 103.8233375, 1.2491636 ] ] ] } },
{ "type": "Feature", "properties": { "element": "way", "id": 163029054, "name": null, "building": "yes" }, "geometry": { "type": "Polygon", "coordinates": [ [ [ 103.8233959, 1.2497505 ], [ 103.8234049, 1.2497828 ], [ 103.8234166, 1.2498151 ], [ 103.8234306, 1.2498469 ], [ 103.8234432, 1.2498759 ], [ 103.8233565, 1.2499132 ], [ 103.8233249, 1.2498465 ], [ 103.8233389, 1.2498406 ], [ 103.823318, 1.2497682 ], [ 103.8233347, 1.2497638 ], [ 103.8233323, 1.249755 ], [ 103.8233574, 1.2497503 ], [ 103.8233593, 1.2497591 ], [ 103.8233959, 1.2497505 ] ] ] } },
{ "type": "Feature", "properties": { "element": "way", "id": 163029055, "name": null, "building": "yes" }, "geometry": { "type": "Polygon", "coordinates": [ [ [ 103.8233752, 1.2495659 ], [ 103.8233741, 1.2495994 ], [ 103.8233756, 1.2496337 ], [ 103.8233795, 1.2496683 ], [ 103.823383, 1.2496997 ], [ 103.823289, 1.2497095 ], [ 103.8232788, 1.2496364 ], [ 103.8232938, 1.249635 ], [ 103.8232954, 1.2495597 ], [ 103.8233127, 1.2495604 ], [ 103.8233131, 1.2495513 ], [ 103.8233384, 1.2495543 ], [ 103.8233376, 1.2495632 ], [ 103.8233752, 1.2495659 ] ] ] } },
{ "type": "Feature", "properties": { "element": "way", "id": 163029058, "name": null, "building": "yes" }, "geometry": { "type": "Polygon", "coordinates": [ [ [ 103.8236363, 1.2493058 ], [ 103.8236166, 1.2493329 ], [ 103.8235986, 1.2493622 ], [ 103.8235824, 1.2493929 ], [ 103.8235675, 1.2494209 ], [ 103.8234843, 1.2493761 ], [ 103.8235169, 1.24931 ], [ 103.8235302, 1.2493172 ], [ 103.8235739, 1.2492559 ], [ 103.8235877, 1.2492662 ], [ 103.8235932, 1.2492588 ], [ 103.8236124, 1.2492755 ], [ 103.8236068, 1.2492825 ], [ 103.8236363, 1.2493058 ] ] ] } },
{ "type": "Feature", "properties": { "element": "way", "id": 163029059, "name": null, "building": "yes" }, "geometry": { "type": "Polygon", "coordinates": [ [ [ 103.8238092, 1.2491743 ], [ 103.8237788, 1.2491883 ], [ 103.8237489, 1.2492052 ], [ 103.8237198, 1.2492243 ], [ 103.8236932, 1.2492415 ], [ 103.8236422, 1.249162 ], [ 103.8237028, 1.24912 ], [ 103.8237109, 1.2491327 ], [ 103.8237789, 1.2491003 ], [ 103.823786, 1.249116 ], [ 103.8237943, 1.2491122 ], [ 103.823803, 1.2491362 ], [ 103.8237947, 1.2491395 ], [ 103.8238092, 1.2491743 ] ] ] } },
{ "type": "Feature", "properties": { "element": "way", "id": 163029060, "name": null, "building": "yes" }, "geometry": { "type": "Polygon", "coordinates": [ [ [ 103.8234603, 1.2490197 ], [ 103.8234362, 1.2490429 ], [ 103.8234134, 1.2490686 ], [ 103.823392, 1.2490961 ], [ 103.8233726, 1.249121 ], [ 103.8232984, 1.2490625 ], [ 103.8233421, 1.249003 ], [ 103.8233539, 1.2490124 ], [ 103.8234076, 1.2489596 ], [ 103.8234194, 1.2489722 ], [ 103.8234261, 1.2489659 ], [ 103.8234421, 1.2489857 ], [ 103.8234353, 1.2489916 ], [ 103.8234603, 1.2490197 ] ] ] } },
{ "type": "Feature", "properties": { "element": "way", "id": 163029061, "name": null, "building": "yes" }, "geometry": { "type": "Polygon", "coordinates": [ [ [ 103.8235376, 1.2496384 ], [ 103.8235423, 1.2496716 ], [ 103.8235498, 1.2497051 ], [ 103.8235597, 1.2497385 ], [ 103.8235685, 1.2497688 ], [ 103.8234777, 1.2497948 ], [ 103.8234549, 1.2497246 ], [ 103.8234695, 1.2497205 ], [ 103.823458, 1.2496461 ], [ 103.8234751, 1.2496439 ], [ 103.8234739, 1.2496348 ], [ 103.8234993, 1.2496334 ], [ 103.8235001, 1.2496423 ], [ 103.8235376, 1.2496384 ] ] ] } },
{ "type": "Feature", "properties": { "element": "way", "id": 163029062, "name": null, "building": "yes" }, "geometry": { "type": "Polygon", "coordinates": [ [ [ 103.8236114, 1.2489028 ], [ 103.8235825, 1.2489197 ], [ 103.8235543, 1.2489393 ], [ 103.8235271, 1.2489611 ], [ 103.8235024, 1.2489807 ], [ 103.823444, 1.2489065 ], [ 103.8235004, 1.2488588 ], [ 103.8235096, 1.2488708 ], [ 103.8235742, 1.248832 ], [ 103.8235828, 1.248847 ], [ 103.8235907, 1.2488425 ], [ 103.8236016, 1.2488655 ], [ 103.8235937, 1.2488696 ], [ 103.8236114, 1.2489028 ] ] ] } },
{ "type": "Feature", "properties": { "element": "way", "id": 163029063, "name": null, "building": "yes" }, "geometry": { "type": "Polygon", "coordinates": [ [ [ 103.8237882, 1.2488319 ], [ 103.8237559, 1.2488405 ], [ 103.8237234, 1.2488519 ], [ 103.8236915, 1.2488656 ], [ 103.8236623, 1.2488779 ], [ 103.8236259, 1.2487908 ], [ 103.8236929, 1.24876 ], [ 103.8236987, 1.248774 ], [ 103.8237713, 1.2487538 ], [ 103.8237755, 1.2487705 ], [ 103.8237844, 1.2487683 ], [ 103.8237888, 1.2487934 ], [ 103.82378, 1.2487952 ], [ 103.8237882, 1.2488319 ] ] ] } },
{ "type": "Feature", "properties": { "element": "way", "id": 163029064, "name": null, "building": "yes" }, "geometry": { "type": "Polygon", "coordinates": [ [ [ 103.8234615, 1.2492688 ], [ 103.8234454, 1.2492982 ], [ 103.8234312, 1.2493295 ], [ 103.823419, 1.2493621 ], [ 103.8234078, 1.2493916 ], [ 103.8233197, 1.2493578 ], [ 103.8233436, 1.249288 ], [ 103.8233577, 1.2492935 ], [ 103.8233933, 1.2492271 ], [ 103.8234083, 1.2492356 ], [ 103.8234128, 1.2492276 ], [ 103.823434, 1.2492418 ], [ 103.8234293, 1.2492494 ], [ 103.8234615, 1.2492688 ] ] ] } },
{ "type": "Feature", "properties": { "element": "way", "id": 163029065, "name": null, "building": "yes" }, "geometry": { "type": "Polygon", "coordinates": [ [ [ 103.8235755, 1.249128 ], [ 103.8235524, 1.2491522 ], [ 103.8235307, 1.2491789 ], [ 103.8235105, 1.2492072 ], [ 103.8234921, 1.2492329 ], [ 103.8234156, 1.2491776 ], [ 103.8234567, 1.2491163 ], [ 103.8234688, 1.2491253 ], [ 103.8235202, 1.2490702 ], [ 103.8235326, 1.2490823 ], [ 103.823539, 1.2490757 ], [ 103.8235558, 1.2490948 ], [ 103.8235493, 1.2491009 ], [ 103.8235755, 1.249128 ] ] ] } },
{ "type": "Feature", "properties": { "element": "way", "id": 163029066, "name": null, "building": "yes" }, "geometry": { "type": "Polygon", "coordinates": [ [ [ 103.8237485, 1.2490151 ], [ 103.8237187, 1.2490304 ], [ 103.8236894, 1.2490484 ], [ 103.8236611, 1.2490686 ], [ 103.8236352, 1.2490868 ], [ 103.8235811, 1.2490094 ], [ 103.8236401, 1.248965 ], [ 103.8236487, 1.2489775 ], [ 103.8237153, 1.2489424 ], [ 103.823723, 1.2489578 ], [ 103.8237312, 1.2489537 ], [ 103.8237408, 1.2489773 ], [ 103.8237327, 1.248981 ], [ 103.8237485, 1.2490151 ] ] ] } },
{ "type": "Feature", "properties": { "element": "way", "id": 163029067, "name": null, "building": "yes" }, "geometry": { "type": "Polygon", "coordinates": [ [ [ 103.8240322, 1.2491296 ], [ 103.8239987, 1.2491299 ], [ 103.8239645, 1.2491329 ], [ 103.8239301, 1.2491382 ], [ 103.8238988, 1.2491429 ], [ 103.8238852, 1.2490495 ], [ 103.8239578, 1.2490362 ], [ 103.8239599, 1.2490512 ], [ 103.8240352, 1.2490497 ], [ 103.8240351, 1.249067 ], [ 103.8240443, 1.249067 ], [ 103.8240423, 1.2490924 ], [ 103.8240334, 1.249092 ], [ 103.8240322, 1.2491296 ] ] ] } },
{ "type": "Feature", "properties": { "element": "way", "id": 163029068, "name": null, "building": "yes" }, "geometry": { "type": "Polygon", "coordinates": [ [ [ 103.8234655, 1.2499208 ], [ 103.8234836, 1.249949 ], [ 103.8235043, 1.2499764 ], [ 103.8235271, 1.2500027 ], [ 103.8235478, 1.2500267 ], [ 103.8234759, 1.2500879 ], [ 103.823426, 1.2500335 ], [ 103.8234376, 1.2500238 ], [ 103.8233963, 1.2499608 ], [ 103.8234109, 1.2499517 ], [ 103.8234061, 1.2499439 ], [ 103.8234286, 1.2499321 ], [ 103.8234331, 1.2499399 ], [ 103.8234655, 1.2499208 ] ] ] } },
{ "type": "Feature", "properties": { "element": "way", "id": 163029070, "name": "Villa Du Jardin 3", "building": "yes" }, "geometry": { "type": "Polygon", "coordinates": [ [ [ 103.8280045, 1.2465995 ], [ 103.8280905, 1.2466715 ], [ 103.8280502, 1.2467196 ], [ 103.8280269, 1.2467 ], [ 103.8279501, 1.2467916 ], [ 103.8279752, 1.2468126 ], [ 103.8279349, 1.2468606 ], [ 103.8278357, 1.2467775 ], [ 103.8278751, 1.2467306 ], [ 103.8278847, 1.2467387 ], [ 103.8279079, 1.246711 ], [ 103.827902, 1.2467061 ], [ 103.8279339, 1.246668 ], [ 103.8279417, 1.2466745 ], [ 103.8280045, 1.2465995 ] ] ] } },
{ "type": "Feature", "properties": { "element": "way", "id": 163029075, "name": "Villa Du Jardin 4", "building": "yes" }, "geometry": { "type": "Polygon", "coordinates": [ [ [ 103.8276074, 1.2467664 ], [ 103.8276934, 1.2468384 ], [ 103.8276531, 1.2468864 ], [ 103.8276297, 1.2468669 ], [ 103.827553, 1.2469585 ], [ 103.8275781, 1.2469795 ], [ 103.8275378, 1.2470275 ], [ 103.8274386, 1.2469444 ], [ 103.827478, 1.2468975 ], [ 103.8274876, 1.2469056 ], [ 103.8275108, 1.2468779 ], [ 103.8275049, 1.246873 ], [ 103.8275368, 1.2468349 ], [ 103.8275446, 1.2468414 ], [ 103.8276074, 1.2467664 ] ] ] } },
{ "type": "Feature", "properties": { "element": "way", "id": 163029078, "name": null, "building": "yes" }, "geometry": { "type": "Polygon", "coordinates": [ [ [ 103.8277921, 1.2484769 ], [ 103.8278782, 1.2484666 ], [ 103.8278989, 1.2486401 ], [ 103.8278715, 1.2486434 ], [ 103.8278749, 1.2486714 ], [ 103.8278444, 1.2486751 ], [ 103.8278536, 1.2487525 ], [ 103.8278854, 1.2487487 ], [ 103.8278888, 1.2487767 ], [ 103.8282319, 1.2487359 ], [ 103.8281751, 1.2482582 ], [ 103.82786, 1.2482956 ], [ 103.8278643, 1.2483315 ], [ 103.8278374, 1.2483347 ], [ 103.8278433, 1.2483843 ], [ 103.8277819, 1.2483916 ], [ 103.8277921, 1.2484769 ] ] ] } },
{ "type": "Feature", "properties": { "element": "way", "id": 163029085, "name": null, "building": "yes" }, "geometry": { "type": "Polygon", "coordinates": [ [ [ 103.8262711, 1.248708 ], [ 103.8264106, 1.2486128 ], [ 103.8263787, 1.2485661 ], [ 103.826473, 1.2485018 ], [ 103.8265031, 1.2485458 ], [ 103.8266441, 1.2484497 ], [ 103.8266656, 1.2484813 ], [ 103.826736, 1.2484332 ], [ 103.8267638, 1.2484739 ], [ 103.826722, 1.2485024 ], [ 103.8267405, 1.2485295 ], [ 103.8267875, 1.2484974 ], [ 103.826877, 1.2486285 ], [ 103.8268004, 1.2486807 ], [ 103.8268375, 1.248735 ], [ 103.8267944, 1.2487644 ], [ 103.8266836, 1.2486021 ], [ 103.8265789, 1.2486734 ], [ 103.8265625, 1.2486494 ], [ 103.8263364, 1.2488036 ], [ 103.8262711, 1.248708 ] ] ] } },
{ "type": "Feature", "properties": { "element": "way", "id": 163201812, "name": null, "building": "yes" }, "geometry": { "type": "Polygon", "coordinates": [ [ [ 103.8248778, 1.2493321 ], [ 103.8248512, 1.2493211 ], [ 103.8248497, 1.2493211 ], [ 103.8248245, 1.2493321 ], [ 103.8248135, 1.2493587 ], [ 103.8248167, 1.2493738 ], [ 103.8248245, 1.2493853 ], [ 103.8248512, 1.2493964 ], [ 103.8248778, 1.2493853 ], [ 103.8248816, 1.2493808 ], [ 103.8248888, 1.2493587 ], [ 103.8248778, 1.2493321 ] ] ] } },
{ "type": "Feature", "properties": { "element": "way", "id": 163201813, "name": null, "building": "yes" }, "geometry": { "type": "Polygon", "coordinates": [ [ [ 103.8250767, 1.2485651 ], [ 103.825164, 1.2485933 ], [ 103.8251617, 1.2485996 ], [ 103.8252616, 1.2486516 ], [ 103.8253154, 1.2485618 ], [ 103.8252434, 1.2485236 ], [ 103.8252341, 1.2485455 ], [ 103.8252055, 1.2485343 ], [ 103.8252094, 1.2485244 ], [ 103.8252107, 1.248521 ], [ 103.825148, 1.2485002 ], [ 103.8251421, 1.2485151 ], [ 103.8250949, 1.2485006 ], [ 103.8250767, 1.2485651 ] ] ] } },
{ "type": "Feature", "properties": { "element": "way", "id": 163201814, "name": null, "building": "yes" }, "geometry": { "type": "Polygon", "coordinates": [ [ [ 103.8249073, 1.2488645 ], [ 103.8249971, 1.2488829 ], [ 103.8249956, 1.2488894 ], [ 103.8251005, 1.24893 ], [ 103.8251441, 1.2488348 ], [ 103.8250683, 1.2488048 ], [ 103.8250615, 1.2488276 ], [ 103.8250319, 1.2488197 ], [ 103.8250346, 1.2488094 ], [ 103.8250356, 1.2488058 ], [ 103.8249709, 1.2487921 ], [ 103.8249667, 1.2488075 ], [ 103.8249182, 1.2487984 ], [ 103.8249073, 1.2488645 ] ] ] } },
{ "type": "Feature", "properties": { "element": "way", "id": 163201815, "name": null, "building": "yes" }, "geometry": { "type": "Polygon", "coordinates": [ [ [ 103.8240203, 1.2489651 ], [ 103.8239286, 1.2489656 ], [ 103.8239288, 1.2489723 ], [ 103.8238179, 1.2489915 ], [ 103.8237939, 1.2488897 ], [ 103.8238741, 1.248875 ], [ 103.8238763, 1.2488987 ], [ 103.8239069, 1.2488968 ], [ 103.8239062, 1.2488861 ], [ 103.823906, 1.2488825 ], [ 103.8239654, 1.2488802 ], [ 103.8239665, 1.2488961 ], [ 103.8240225, 1.2488981 ], [ 103.8240203, 1.2489651 ] ] ] } },
{ "type": "Feature", "properties": { "element": "way", "id": 163201816, "name": null, "building": "yes" }, "geometry": { "type": "Polygon", "coordinates": [ [ [ 103.8222046, 1.2507775 ], [ 103.8222861, 1.2508764 ], [ 103.822168, 1.2509736 ], [ 103.8221812, 1.2509897 ], [ 103.8220572, 1.2510917 ], [ 103.8220399, 1.2510707 ], [ 103.8219724, 1.2511262 ], [ 103.8219366, 1.2510828 ], [ 103.8218976, 1.2511149 ], [ 103.8218581, 1.2510669 ], [ 103.8219864, 1.2509613 ], [ 103.8219726, 1.2509446 ], [ 103.8220463, 1.2508839 ], [ 103.822058, 1.2508981 ], [ 103.8222046, 1.2507775 ] ] ] } },
{ "type": "Feature", "properties": { "element": "way", "id": 163201817, "name": null, "building": "yes" }, "geometry": { "type": "Polygon", "coordinates": [ [ [ 103.8253195, 1.2486958 ], [ 103.8253477, 1.2487137 ], [ 103.8253751, 1.2487346 ], [ 103.8254014, 1.2487572 ], [ 103.8254254, 1.2487779 ], [ 103.8254866, 1.248706 ], [ 103.8254324, 1.2486554 ], [ 103.8254222, 1.2486687 ], [ 103.8254017, 1.248653 ], [ 103.8253594, 1.2486265 ], [ 103.8253503, 1.2486411 ], [ 103.8253426, 1.2486363 ], [ 103.8253307, 1.2486589 ], [ 103.8253385, 1.2486633 ], [ 103.8253195, 1.2486958 ] ] ] } },
{ "type": "Feature", "properties": { "element": "way", "id": 163201818, "name": null, "building": "yes" }, "geometry": { "type": "Polygon", "coordinates": [ [ [ 103.8254347, 1.2490672 ], [ 103.825449, 1.2490974 ], [ 103.8254611, 1.2491296 ], [ 103.8254712, 1.2491628 ], [ 103.8254805, 1.2491931 ], [ 103.8255706, 1.249165 ], [ 103.8255517, 1.2490932 ], [ 103.825536, 1.249099 ], [ 103.825527, 1.2490748 ], [ 103.8255054, 1.2490298 ], [ 103.8254899, 1.2490374 ], [ 103.825486, 1.2490291 ], [ 103.8254639, 1.249042 ], [ 103.8254681, 1.2490498 ], [ 103.8254347, 1.2490672 ] ] ] } },
{ "type": "Feature", "properties": { "element": "way", "id": 163201819, "name": "Island Life Shop", "building": "yes" }, "geometry": { "type": "Polygon", "coordinates": [ [ [ 103.8217328, 1.2493573 ], [ 103.8217267, 1.2493477 ], [ 103.8216664, 1.2493862 ], [ 103.8217075, 1.2494505 ], [ 103.8217677, 1.249412 ], [ 103.8217597, 1.2493993 ], [ 103.8217328, 1.2493573 ] ] ] } },
{ "type": "Feature", "properties": { "element": "way", "id": 163201820, "name": null, "building": "yes" }, "geometry": { "type": "Polygon", "coordinates": [ [ [ 103.8246048, 1.2487573 ], [ 103.8246361, 1.2487456 ], [ 103.8246692, 1.2487362 ], [ 103.8247032, 1.2487288 ], [ 103.8247341, 1.2487221 ], [ 103.8247072, 1.2486144 ], [ 103.8246341, 1.2486273 ], [ 103.8246449, 1.248659 ], [ 103.82462, 1.248666 ], [ 103.8245734, 1.2486837 ], [ 103.8245797, 1.2486998 ], [ 103.8245711, 1.2487031 ], [ 103.8245821, 1.2487262 ], [ 103.8245902, 1.2487226 ], [ 103.8246048, 1.2487573 ] ] ] } },
{ "type": "Feature", "properties": { "element": "way", "id": 163201821, "name": null, "building": "yes" }, "geometry": { "type": "Polygon", "coordinates": [ [ [ 103.8247692, 1.2487018 ], [ 103.8248026, 1.2487012 ], [ 103.824837, 1.2487035 ], [ 103.8248714, 1.2487078 ], [ 103.8249028, 1.2487118 ], [ 103.8249142, 1.2486181 ], [ 103.824841, 1.2486058 ], [ 103.8248399, 1.2486226 ], [ 103.8248141, 1.2486208 ], [ 103.8247642, 1.248622 ], [ 103.8247647, 1.2486392 ], [ 103.8247556, 1.2486395 ], [ 103.8247582, 1.2486649 ], [ 103.824767, 1.2486642 ], [ 103.8247692, 1.2487018 ] ] ] } },
{ "type": "Feature", "properties": { "element": "way", "id": 163201822, "name": null, "building": "yes" }, "geometry": { "type": "Polygon", "coordinates": [ [ [ 103.8251246, 1.2487643 ], [ 103.8251555, 1.2487772 ], [ 103.8251861, 1.248793 ], [ 103.8252158, 1.2488109 ], [ 103.825243, 1.2488271 ], [ 103.825291, 1.2487459 ], [ 103.825229, 1.2487052 ], [ 103.8252212, 1.2487201 ], [ 103.8251983, 1.2487082 ], [ 103.8251521, 1.2486892 ], [ 103.8251457, 1.2487052 ], [ 103.8251372, 1.2487017 ], [ 103.8251294, 1.248726 ], [ 103.8251378, 1.248729 ], [ 103.8251246, 1.2487643 ] ] ] } },
{ "type": "Feature", "properties": { "element": "way", "id": 163201823, "name": null, "building": "yes" }, "geometry": { "type": "Polygon", "coordinates": [ [ [ 103.8251615, 1.2489772 ], [ 103.8251862, 1.2489997 ], [ 103.8252097, 1.2490249 ], [ 103.8252318, 1.2490516 ], [ 103.825252, 1.249076 ], [ 103.8253244, 1.2490156 ], [ 103.8252795, 1.2489565 ], [ 103.8252672, 1.2489679 ], [ 103.8252497, 1.248949 ], [ 103.8252125, 1.2489157 ], [ 103.8252011, 1.2489286 ], [ 103.8251942, 1.2489225 ], [ 103.8251787, 1.2489428 ], [ 103.8251857, 1.2489484 ], [ 103.8251615, 1.2489772 ] ] ] } },
{ "type": "Feature", "properties": { "element": "way", "id": 163201824, "name": null, "building": "yes" }, "geometry": { "type": "Polygon", "coordinates": [ [ [ 103.8254653, 1.2488204 ], [ 103.8254866, 1.2488461 ], [ 103.8255063, 1.2488743 ], [ 103.8255244, 1.2489039 ], [ 103.8255409, 1.2489309 ], [ 103.8256212, 1.2488813 ], [ 103.8255851, 1.2488165 ], [ 103.8255713, 1.2488261 ], [ 103.8255566, 1.2488048 ], [ 103.8255245, 1.2487666 ], [ 103.8255114, 1.2487778 ], [ 103.8255055, 1.2487708 ], [ 103.8254873, 1.2487887 ], [ 103.8254933, 1.2487952 ], [ 103.8254653, 1.2488204 ] ] ] } },
{ "type": "Feature", "properties": { "element": "way", "id": 163201825, "name": null, "building": "yes" }, "geometry": { "type": "Polygon", "coordinates": [ [ [ 103.8248522, 1.2485527 ], [ 103.8248856, 1.2485527 ], [ 103.8249199, 1.2485555 ], [ 103.8249543, 1.2485605 ], [ 103.8249856, 1.2485651 ], [ 103.825, 1.248452 ], [ 103.8249271, 1.2484384 ], [ 103.8249243, 1.2484747 ], [ 103.8248985, 1.2484725 ], [ 103.8248486, 1.2484728 ], [ 103.8248488, 1.24849 ], [ 103.8248397, 1.2484901 ], [ 103.8248418, 1.2485155 ], [ 103.8248507, 1.2485151 ], [ 103.8248522, 1.2485527 ] ] ] } },
{ "type": "Feature", "properties": { "element": "way", "id": 163201826, "name": null, "building": "yes" }, "geometry": { "type": "Polygon", "coordinates": [ [ [ 103.8253389, 1.2493072 ], [ 103.8253404, 1.2493406 ], [ 103.8253391, 1.249375 ], [ 103.8253356, 1.2494096 ], [ 103.8253325, 1.2494411 ], [ 103.8254265, 1.2494499 ], [ 103.8254368, 1.2493764 ], [ 103.82542, 1.2493757 ], [ 103.8254211, 1.2493499 ], [ 103.8254185, 1.2493001 ], [ 103.8254013, 1.2493011 ], [ 103.8254008, 1.2492919 ], [ 103.8253755, 1.2492952 ], [ 103.8253764, 1.2493041 ], [ 103.8253389, 1.2493072 ] ] ] } },
{ "type": "Feature", "properties": { "element": "way", "id": 163201827, "name": null, "building": "yes" }, "geometry": { "type": "Polygon", "coordinates": [ [ [ 103.8246574, 1.2485789 ], [ 103.82469, 1.2485714 ], [ 103.8247241, 1.2485663 ], [ 103.8247587, 1.2485634 ], [ 103.8247902, 1.2485607 ], [ 103.8247785, 1.2484473 ], [ 103.8247043, 1.2484506 ], [ 103.8247099, 1.2484866 ], [ 103.8246843, 1.2484903 ], [ 103.8246358, 1.2485019 ], [ 103.8246399, 1.2485187 ], [ 103.824631, 1.2485209 ], [ 103.8246389, 1.2485451 ], [ 103.8246475, 1.2485426 ], [ 103.8246574, 1.2485789 ] ] ] } },
{ "type": "Feature", "properties": { "element": "way", "id": 163201828, "name": null, "building": "yes" }, "geometry": { "type": "Polygon", "coordinates": [ [ [ 103.8247153, 1.2488945 ], [ 103.8247474, 1.2488853 ], [ 103.8247812, 1.2488785 ], [ 103.8248156, 1.2488738 ], [ 103.8248469, 1.2488695 ], [ 103.8248336, 1.2487761 ], [ 103.8247597, 1.2487832 ], [ 103.824763, 1.2487997 ], [ 103.8247376, 1.2488047 ], [ 103.8246898, 1.2488187 ], [ 103.8246947, 1.2488353 ], [ 103.824686, 1.2488378 ], [ 103.8246951, 1.2488617 ], [ 103.8247035, 1.2488588 ], [ 103.8247153, 1.2488945 ] ] ] } },
{ "type": "Feature", "properties": { "element": "way", "id": 163201829, "name": null, "building": "yes" }, "geometry": { "type": "Polygon", "coordinates": [ [ [ 103.8249615, 1.2487124 ], [ 103.8249944, 1.2487182 ], [ 103.8250278, 1.2487269 ], [ 103.8250608, 1.2487377 ], [ 103.8250908, 1.2487476 ], [ 103.8251198, 1.2486578 ], [ 103.8250466, 1.248631 ], [ 103.8250423, 1.2486473 ], [ 103.825021, 1.2486414 ], [ 103.8249718, 1.2486331 ], [ 103.8249691, 1.2486501 ], [ 103.82496, 1.2486486 ], [ 103.8249578, 1.248674 ], [ 103.8249666, 1.2486751 ], [ 103.8249615, 1.2487124 ] ] ] } },
{ "type": "Feature", "properties": { "element": "way", "id": 163201830, "name": null, "building": "yes" }, "geometry": { "type": "Polygon", "coordinates": [ [ [ 103.8253307, 1.2489154 ], [ 103.825353, 1.2489404 ], [ 103.8253737, 1.2489679 ], [ 103.8253928, 1.2489969 ], [ 103.8254103, 1.2490232 ], [ 103.8254887, 1.2489708 ], [ 103.8254504, 1.2489073 ], [ 103.8254369, 1.2489173 ], [ 103.8254214, 1.2488967 ], [ 103.825388, 1.2488596 ], [ 103.8253753, 1.2488713 ], [ 103.8253691, 1.2488645 ], [ 103.8253516, 1.248883 ], [ 103.8253579, 1.2488893 ], [ 103.8253307, 1.2489154 ] ] ] } },
{ "type": "Feature", "properties": { "element": "way", "id": 163201831, "name": null, "building": "yes" }, "geometry": { "type": "Polygon", "coordinates": [ [ [ 103.8234003, 1.2506277 ], [ 103.8233417, 1.2506164 ], [ 103.8233817, 1.2504087 ], [ 103.8234811, 1.2504279 ], [ 103.8234871, 1.2503969 ], [ 103.8235587, 1.2504107 ], [ 103.8235566, 1.2504216 ], [ 103.8236356, 1.2504368 ], [ 103.8235925, 1.2506598 ], [ 103.8236101, 1.2506632 ], [ 103.8235972, 1.2507299 ], [ 103.8235696, 1.2507246 ], [ 103.8235534, 1.2508081 ], [ 103.8234931, 1.2507965 ], [ 103.823509, 1.2507137 ], [ 103.8234959, 1.2507111 ], [ 103.8235472, 1.2504452 ], [ 103.8234949, 1.2504351 ], [ 103.8234621, 1.250605 ], [ 103.8234067, 1.2505943 ], [ 103.8234003, 1.2506277 ] ] ] } },
{ "type": "Feature", "properties": { "element": "way", "id": 163201832, "name": null, "building": "yes" }, "geometry": { "type": "Polygon", "coordinates": [ [ [ 103.8253342, 1.2483914 ], [ 103.8253402, 1.2483943 ], [ 103.8253234, 1.248428 ], [ 103.8253298, 1.2484312 ], [ 103.8253351, 1.2484208 ], [ 103.8253858, 1.248446 ], [ 103.8253704, 1.2484769 ], [ 103.8253782, 1.2484807 ], [ 103.8253925, 1.2484521 ], [ 103.8254175, 1.2484645 ], [ 103.8254545, 1.2483903 ], [ 103.8254322, 1.2483792 ], [ 103.8255129, 1.2482172 ], [ 103.8255006, 1.2482111 ], [ 103.8254891, 1.2482342 ], [ 103.8254342, 1.2482068 ], [ 103.8254229, 1.2482283 ], [ 103.8253745, 1.2483276 ], [ 103.8253676, 1.2483242 ], [ 103.8253744, 1.2483104 ], [ 103.8253683, 1.2483074 ], [ 103.8253633, 1.2483175 ], [ 103.8252918, 1.2482826 ], [ 103.8253094, 1.2482464 ], [ 103.8253115, 1.2482425 ], [ 103.825306, 1.2482398 ], [ 103.8252363, 1.2483797 ], [ 103.8252426, 1.2483828 ], [ 103.8252507, 1.2483665 ], [ 103.8253202, 1.2484011 ], [ 103.825303, 1.2484357 ], [ 103.8253103, 1.2484393 ], [ 103.8253342, 1.2483914 ] ] ] } },
{ "type": "Feature", "properties": { "element": "way", "id": 163201833, "name": null, "building": "yes" }, "geometry": { "type": "Polygon", "coordinates": [ [ [ 103.8250105, 1.2482906 ], [ 103.8250171, 1.2482916 ], [ 103.825012, 1.2483288 ], [ 103.8250191, 1.2483298 ], [ 103.8250207, 1.2483183 ], [ 103.8250768, 1.248326 ], [ 103.8250721, 1.2483601 ], [ 103.8250807, 1.2483613 ], [ 103.8250851, 1.2483296 ], [ 103.8251127, 1.2483335 ], [ 103.8251241, 1.2482513 ], [ 103.8250994, 1.2482479 ], [ 103.8251243, 1.2480686 ], [ 103.8251107, 1.2480667 ], [ 103.8251072, 1.2480923 ], [ 103.8250464, 1.2480838 ], [ 103.8250425, 1.2481079 ], [ 103.8250283, 1.2482174 ], [ 103.8250207, 1.2482164 ], [ 103.8250227, 1.2482011 ], [ 103.8250159, 1.2482002 ], [ 103.8250145, 1.2482114 ], [ 103.8249355, 1.2482011 ], [ 103.8249407, 1.2481612 ], [ 103.8249415, 1.2481568 ], [ 103.8249354, 1.248156 ], [ 103.8249139, 1.2483108 ], [ 103.8249209, 1.2483118 ], [ 103.8249234, 1.2482937 ], [ 103.8250004, 1.2483044 ], [ 103.8249951, 1.2483426 ], [ 103.8250032, 1.2483437 ], [ 103.8250105, 1.2482906 ] ] ] } },
{ "type": "Feature", "properties": { "element": "way", "id": 163201834, "name": null, "building": "yes" }, "geometry": { "type": "Polygon", "coordinates": [ [ [ 103.8246675, 1.248294 ], [ 103.824674, 1.2482928 ], [ 103.8246806, 1.2483299 ], [ 103.8246876, 1.2483286 ], [ 103.8246856, 1.2483172 ], [ 103.8247414, 1.2483073 ], [ 103.8247475, 1.2483412 ], [ 103.824756, 1.2483397 ], [ 103.8247504, 1.2483081 ], [ 103.8247779, 1.2483033 ], [ 103.8247634, 1.2482216 ], [ 103.8247389, 1.2482259 ], [ 103.8247073, 1.2480477 ], [ 103.8246938, 1.2480501 ], [ 103.8246983, 1.2480755 ], [ 103.8246378, 1.2480862 ], [ 103.8246416, 1.2481103 ], [ 103.8246618, 1.2482188 ], [ 103.8246543, 1.2482202 ], [ 103.8246515, 1.248205 ], [ 103.8246448, 1.2482063 ], [ 103.8246468, 1.2482174 ], [ 103.8245686, 1.2482319 ], [ 103.8245612, 1.2481924 ], [ 103.8245606, 1.248188 ], [ 103.8245545, 1.248189 ], [ 103.8245818, 1.2483429 ], [ 103.8245887, 1.2483417 ], [ 103.8245856, 1.2483237 ], [ 103.824662, 1.2483102 ], [ 103.8246688, 1.2483482 ], [ 103.8246768, 1.2483468 ], [ 103.8246675, 1.248294 ] ] ] } },
{ "type": "Feature", "properties": { "element": "way", "id": 163201835, "name": null, "building": "yes" }, "geometry": { "type": "Polygon", "coordinates": [ [ [ 103.8256082, 1.2485771 ], [ 103.8256131, 1.2485816 ], [ 103.8255873, 1.248609 ], [ 103.8255925, 1.2486139 ], [ 103.8256005, 1.2486054 ], [ 103.8256418, 1.2486443 ], [ 103.8256181, 1.2486694 ], [ 103.8256245, 1.2486754 ], [ 103.8256464, 1.2486521 ], [ 103.8256667, 1.2486712 ], [ 103.8257236, 1.2486108 ], [ 103.8257055, 1.2485937 ], [ 103.8258297, 1.248462 ], [ 103.8258197, 1.2484526 ], [ 103.825802, 1.2484714 ], [ 103.8257573, 1.2484293 ], [ 103.8257403, 1.2484467 ], [ 103.8256652, 1.2485277 ], [ 103.8256596, 1.2485225 ], [ 103.8256701, 1.2485111 ], [ 103.8256651, 1.2485065 ], [ 103.8256574, 1.2485148 ], [ 103.825599, 1.2484607 ], [ 103.8256264, 1.2484312 ], [ 103.8256296, 1.248428 ], [ 103.8256251, 1.2484238 ], [ 103.8255178, 1.2485375 ], [ 103.825523, 1.2485424 ], [ 103.8255355, 1.2485291 ], [ 103.825592, 1.2485824 ], [ 103.8255655, 1.2486105 ], [ 103.8255715, 1.2486161 ], [ 103.8256082, 1.2485771 ] ] ] } },
{ "type": "Feature", "properties": { "element": "way", "id": 163201836, "name": null, "building": "yes" }, "geometry": { "type": "Polygon", "coordinates": [ [ [ 103.8238051, 1.2484496 ], [ 103.8238227, 1.2485589 ], [ 103.8238842, 1.248549 ], [ 103.8238666, 1.2484398 ], [ 103.8238051, 1.2484496 ] ] ] } },
{ "type": "Feature", "properties": { "element": "way", "id": 163201837, "name": null, "building": "yes" }, "geometry": { "type": "Polygon", "coordinates": [ [ [ 103.8221206, 1.249895 ], [ 103.8221524, 1.2498027 ], [ 103.8220647, 1.2497725 ], [ 103.8220329, 1.2498648 ], [ 103.8221206, 1.249895 ] ] ] } },
{ "type": "Feature", "properties": { "element": "way", "id": 163201838, "name": null, "building": "yes" }, "geometry": { "type": "Polygon", "coordinates": [ [ [ 103.8235013, 1.2485389 ], [ 103.8235444, 1.2486344 ], [ 103.8235828, 1.248617 ], [ 103.8235397, 1.2485216 ], [ 103.8235013, 1.2485389 ] ] ] } },
{ "type": "Feature", "properties": { "element": "way", "id": 163201839, "name": null, "building": "yes" }, "geometry": { "type": "Polygon", "coordinates": [ [ [ 103.8229369, 1.2489282 ], [ 103.8229513, 1.2489375 ], [ 103.822998, 1.2488654 ], [ 103.8229837, 1.2488561 ], [ 103.8229369, 1.2489282 ] ] ] } },
{ "type": "Feature", "properties": { "element": "way", "id": 163201841, "name": null, "building": "yes" }, "geometry": { "type": "Polygon", "coordinates": [ [ [ 103.8232341, 1.248709 ], [ 103.8232959, 1.2487935 ], [ 103.82333, 1.2487686 ], [ 103.8232682, 1.2486841 ], [ 103.8232341, 1.248709 ] ] ] } },
{ "type": "Feature", "properties": { "element": "way", "id": 163201842, "name": null, "building": "yes" }, "geometry": { "type": "Polygon", "coordinates": [ [ [ 103.8232672, 1.2506605 ], [ 103.8234771, 1.2506987 ], [ 103.8234587, 1.2508 ], [ 103.8232488, 1.2507618 ], [ 103.8232672, 1.2506605 ] ] ] } },
{ "type": "Feature", "properties": { "element": "way", "id": 163201843, "name": null, "building": "yes" }, "geometry": { "type": "Polygon", "coordinates": [ [ [ 103.8237756, 1.2483812 ], [ 103.8237785, 1.248398 ], [ 103.8238673, 1.2483828 ], [ 103.8238645, 1.2483659 ], [ 103.8237756, 1.2483812 ] ] ] } },
{ "type": "Feature", "properties": { "element": "way", "id": 163201844, "name": null, "building": "yes" }, "geometry": { "type": "Polygon", "coordinates": [ [ [ 103.8234457, 1.2484784 ], [ 103.823453, 1.2484939 ], [ 103.8235308, 1.2484575 ], [ 103.8235236, 1.2484421 ], [ 103.8234457, 1.2484784 ] ] ] } },
{ "type": "Feature", "properties": { "element": "way", "id": 163201845, "name": null, "building": "yes" }, "geometry": { "type": "Polygon", "coordinates": [ [ [ 103.8218402, 1.2500115 ], [ 103.8218988, 1.2500518 ], [ 103.8220029, 1.2499005 ], [ 103.8219443, 1.2498602 ], [ 103.8218402, 1.2500115 ] ] ] } },
{ "type": "Feature", "properties": { "element": "way", "id": 163201846, "name": null, "building": "yes" }, "geometry": { "type": "Polygon", "coordinates": [ [ [ 103.8231658, 1.2486645 ], [ 103.8231762, 1.248678 ], [ 103.8232443, 1.2486255 ], [ 103.8232338, 1.248612 ], [ 103.8231658, 1.2486645 ] ] ] } },
{ "type": "Feature", "properties": { "element": "way", "id": 163201848, "name": null, "building": "yes" }, "geometry": { "type": "Polygon", "coordinates": [ [ [ 103.8242731, 1.2471667 ], [ 103.8243533, 1.2472146 ], [ 103.8243012, 1.2473016 ], [ 103.8242211, 1.2472537 ], [ 103.8242731, 1.2471667 ] ] ] } },
{ "type": "Feature", "properties": { "element": "way", "id": 163201849, "name": null, "building": "yes" }, "geometry": { "type": "Polygon", "coordinates": [ [ [ 103.8230142, 1.248952 ], [ 103.8231013, 1.24901 ], [ 103.8231247, 1.2489749 ], [ 103.8230376, 1.2489168 ], [ 103.8230142, 1.248952 ] ] ] } },
{ "type": "Feature", "properties": { "element": "way", "id": 163201850, "name": null, "building": "yes" }, "geometry": { "type": "Polygon", "coordinates": [ [ [ 103.8217899, 1.2508591 ], [ 103.8218413, 1.2509232 ], [ 103.821974, 1.2508167 ], [ 103.8219226, 1.2507526 ], [ 103.8217899, 1.2508591 ] ] ] } },
{ "type": "Feature", "properties": { "element": "way", "id": 163201851, "name": null, "building": "yes" }, "geometry": { "type": "Polygon", "coordinates": [ [ [ 103.8228429, 1.2492153 ], [ 103.8229861, 1.249258 ], [ 103.8229648, 1.2493294 ], [ 103.8228216, 1.2492867 ], [ 103.8228429, 1.2492153 ] ] ] } },
{ "type": "Feature", "properties": { "element": "way", "id": 163201852, "name": null, "building": "yes" }, "geometry": { "type": "Polygon", "coordinates": [ [ [ 103.8213767, 1.247969 ], [ 103.8213205, 1.2480149 ], [ 103.8212868, 1.2479737 ], [ 103.8212128, 1.2480341 ], [ 103.8212742, 1.2481093 ], [ 103.8213493, 1.248048 ], [ 103.8213306, 1.2480252 ], [ 103.8213853, 1.2479806 ], [ 103.8214203, 1.2480234 ], [ 103.8214949, 1.2479625 ], [ 103.8214668, 1.2479281 ], [ 103.8214335, 1.2478872 ], [ 103.8213593, 1.2479478 ], [ 103.8213767, 1.247969 ] ] ] } },
{ "type": "Feature", "properties": { "element": "way", "id": 163201853, "name": null, "building": "yes" }, "geometry": { "type": "Polygon", "coordinates": [ [ [ 103.8256147, 1.2499534 ], [ 103.8256028, 1.2499695 ], [ 103.8255954, 1.2499641 ], [ 103.8256243, 1.2499251 ], [ 103.8256147, 1.2499181 ], [ 103.8256125, 1.2499211 ], [ 103.8256058, 1.2499161 ], [ 103.8256564, 1.2498479 ], [ 103.8256738, 1.2498608 ], [ 103.8257053, 1.2498183 ], [ 103.8257114, 1.2498228 ], [ 103.8257084, 1.2498267 ], [ 103.8256922, 1.2498485 ], [ 103.8257299, 1.2498765 ], [ 103.8257334, 1.2498717 ], [ 103.8257393, 1.2498761 ], [ 103.8257062, 1.2499207 ], [ 103.8257211, 1.2499317 ], [ 103.8257993, 1.2498263 ], [ 103.8258185, 1.2498003 ], [ 103.825824, 1.2498044 ], [ 103.8258026, 1.2498333 ], [ 103.8258394, 1.2498605 ], [ 103.8258497, 1.2498465 ], [ 103.8258555, 1.2498508 ], [ 103.8257742, 1.2499605 ], [ 103.8257864, 1.2499695 ], [ 103.8257901, 1.2499645 ], [ 103.8257946, 1.2499678 ], [ 103.825756, 1.2500198 ], [ 103.8257513, 1.2500163 ], [ 103.825757, 1.2500086 ], [ 103.8257461, 1.2500005 ], [ 103.8256985, 1.2500646 ], [ 103.8256926, 1.2500602 ], [ 103.8257043, 1.2500445 ], [ 103.825668, 1.2500177 ], [ 103.8256602, 1.2500282 ], [ 103.8256539, 1.2500236 ], [ 103.8256821, 1.2499857 ], [ 103.8256667, 1.2499743 ], [ 103.8256556, 1.2499893 ], [ 103.8256492, 1.2499846 ], [ 103.8256519, 1.249981 ], [ 103.8256147, 1.2499534 ] ] ] } },
{ "type": "Feature", "properties": { "element": "way", "id": 163201854, "name": null, "building": "yes" }, "geometry": { "type": "Polygon", "coordinates": [ [ [ 103.8253581, 1.2501883 ], [ 103.8253438, 1.2502024 ], [ 103.8253374, 1.2501959 ], [ 103.8253718, 1.2501618 ], [ 103.8253634, 1.2501533 ], [ 103.8253607, 1.250156 ], [ 103.8253549, 1.2501501 ], [ 103.8254151, 1.2500902 ], [ 103.8254304, 1.2501056 ], [ 103.825468, 1.2500683 ], [ 103.8254733, 1.2500737 ], [ 103.8254698, 1.2500771 ], [ 103.8254504, 1.2500962 ], [ 103.8254835, 1.2501295 ], [ 103.8254877, 1.2501253 ], [ 103.8254929, 1.2501305 ], [ 103.8254535, 1.2501697 ], [ 103.8254665, 1.2501828 ], [ 103.8255596, 1.2500904 ], [ 103.8255826, 1.2500675 ], [ 103.8255874, 1.2500724 ], [ 103.8255619, 1.2500977 ], [ 103.8255941, 1.2501302 ], [ 103.8256065, 1.2501179 ], [ 103.8256116, 1.250123 ], [ 103.8255147, 1.2502192 ], [ 103.8255254, 1.25023 ], [ 103.8255298, 1.2502256 ], [ 103.8255337, 1.2502295 ], [ 103.8254878, 1.2502752 ], [ 103.8254836, 1.250271 ], [ 103.8254905, 1.2502642 ], [ 103.8254809, 1.2502545 ], [ 103.8254242, 1.2503108 ], [ 103.825419, 1.2503056 ], [ 103.8254329, 1.2502918 ], [ 103.8254011, 1.2502598 ], [ 103.8253918, 1.2502691 ], [ 103.8253863, 1.2502635 ], [ 103.8254198, 1.2502303 ], [ 103.8254064, 1.2502167 ], [ 103.8253931, 1.2502299 ], [ 103.8253875, 1.2502243 ], [ 103.8253907, 1.2502211 ], [ 103.8253581, 1.2501883 ] ] ] } },
{ "type": "Feature", "properties": { "element": "way", "id": 163201855, "name": null, "building": "yes" }, "geometry": { "type": "Polygon", "coordinates": [ [ [ 103.8258111, 1.2496644 ], [ 103.8258067, 1.249684 ], [ 103.8257977, 1.2496819 ], [ 103.8258086, 1.2496347 ], [ 103.825797, 1.249632 ], [ 103.8257961, 1.2496357 ], [ 103.825788, 1.2496339 ], [ 103.825807, 1.249551 ], [ 103.8258281, 1.2495559 ], [ 103.8258399, 1.2495043 ], [ 103.8258473, 1.249506 ], [ 103.8258461, 1.2495108 ], [ 103.82584, 1.2495373 ], [ 103.8258858, 1.2495477 ], [ 103.8258871, 1.249542 ], [ 103.8258942, 1.2495436 ], [ 103.8258818, 1.2495977 ], [ 103.8258999, 1.2496019 ], [ 103.8259292, 1.249474 ], [ 103.8259364, 1.2494424 ], [ 103.8259431, 1.249444 ], [ 103.8259351, 1.249479 ], [ 103.8259797, 1.2494892 ], [ 103.8259835, 1.2494722 ], [ 103.8259906, 1.2494739 ], [ 103.8259601, 1.2496069 ], [ 103.8259748, 1.2496103 ], [ 103.8259762, 1.2496042 ], [ 103.8259817, 1.2496055 ], [ 103.8259672, 1.2496686 ], [ 103.8259615, 1.2496673 ], [ 103.8259636, 1.2496579 ], [ 103.8259504, 1.2496548 ], [ 103.8259325, 1.2497327 ], [ 103.8259254, 1.249731 ], [ 103.8259297, 1.249712 ], [ 103.8258858, 1.2497019 ], [ 103.8258828, 1.2497147 ], [ 103.8258752, 1.249713 ], [ 103.8258858, 1.2496669 ], [ 103.8258672, 1.2496627 ], [ 103.825863, 1.2496809 ], [ 103.8258553, 1.2496791 ], [ 103.8258563, 1.2496747 ], [ 103.8258111, 1.2496644 ] ] ] } },
{ "type": "Feature", "properties": { "element": "way", "id": 163201856, "name": null, "building": "yes" }, "geometry": { "type": "Polygon", "coordinates": [ [ [ 103.8254089, 1.2499953 ], [ 103.8253959, 1.2500106 ], [ 103.8254029, 1.2500165 ], [ 103.8254342, 1.2499795 ], [ 103.8254433, 1.2499872 ], [ 103.8254408, 1.2499901 ], [ 103.8254472, 1.2499955 ], [ 103.825502, 1.2499306 ], [ 103.8254855, 1.2499166 ], [ 103.8255196, 1.2498762 ], [ 103.8255138, 1.2498713 ], [ 103.8255108, 1.2498751 ], [ 103.8254932, 1.2498959 ], [ 103.8254574, 1.2498656 ], [ 103.8254612, 1.2498611 ], [ 103.8254556, 1.2498563 ], [ 103.8254197, 1.2498988 ], [ 103.8254056, 1.2498868 ], [ 103.8254903, 1.2497866 ], [ 103.8255112, 1.2497619 ], [ 103.825506, 1.2497574 ], [ 103.8254828, 1.2497849 ], [ 103.8254479, 1.2497554 ], [ 103.8254591, 1.2497421 ], [ 103.8254536, 1.2497374 ], [ 103.8253654, 1.2498417 ], [ 103.8253539, 1.2498319 ], [ 103.8253579, 1.2498272 ], [ 103.8253536, 1.2498236 ], [ 103.8253118, 1.249873 ], [ 103.8253163, 1.2498768 ], [ 103.8253225, 1.2498695 ], [ 103.8253329, 1.2498782 ], [ 103.8252814, 1.2499392 ], [ 103.825287, 1.249944 ], [ 103.8252996, 1.249929 ], [ 103.8253341, 1.2499581 ], [ 103.8253256, 1.2499682 ], [ 103.8253315, 1.2499732 ], [ 103.825362, 1.2499371 ], [ 103.8253766, 1.2499495 ], [ 103.8253645, 1.2499638 ], [ 103.8253706, 1.2499689 ], [ 103.8253735, 1.2499654 ], [ 103.8254089, 1.2499953 ] ] ] } },
{ "type": "Feature", "properties": { "element": "way", "id": 163201857, "name": null, "building": "yes" }, "geometry": { "type": "Polygon", "coordinates": [ [ [ 103.8256276, 1.2497204 ], [ 103.8256218, 1.2497396 ], [ 103.8256306, 1.2497423 ], [ 103.8256445, 1.2496959 ], [ 103.8256559, 1.2496993 ], [ 103.8256548, 1.2497029 ], [ 103.8256628, 1.2497053 ], [ 103.8256872, 1.2496239 ], [ 103.8256664, 1.2496177 ], [ 103.8256816, 1.249567 ], [ 103.8256744, 1.2495648 ], [ 103.8256731, 1.2495695 ], [ 103.8256653, 1.2495956 ], [ 103.8256203, 1.2495821 ], [ 103.825622, 1.2495764 ], [ 103.825615, 1.2495743 ], [ 103.825599, 1.2496275 ], [ 103.8255813, 1.2496222 ], [ 103.825619, 1.2494965 ], [ 103.8256283, 1.2494655 ], [ 103.8256217, 1.2494636 ], [ 103.8256114, 1.249498 ], [ 103.8255676, 1.2494849 ], [ 103.8255726, 1.2494682 ], [ 103.8255657, 1.2494661 ], [ 103.8255264, 1.2495969 ], [ 103.825512, 1.2495925 ], [ 103.8255138, 1.2495866 ], [ 103.8255084, 1.249585 ], [ 103.8254898, 1.249647 ], [ 103.8254954, 1.2496487 ], [ 103.8254982, 1.2496394 ], [ 103.8255112, 1.2496434 ], [ 103.8254883, 1.2497198 ], [ 103.8254953, 1.2497219 ], [ 103.8255009, 1.2497032 ], [ 103.8255442, 1.2497162 ], [ 103.8255404, 1.2497287 ], [ 103.8255478, 1.249731 ], [ 103.8255614, 1.2496858 ], [ 103.8255797, 1.2496913 ], [ 103.8255743, 1.2497092 ], [ 103.8255819, 1.2497114 ], [ 103.8255832, 1.2497071 ], [ 103.8256276, 1.2497204 ] ] ] } },
{ "type": "Feature", "properties": { "element": "way", "id": 163201858, "name": null, "building": "yes" }, "geometry": { "type": "Polygon", "coordinates": [ [ [ 103.8236234, 1.2486775 ], [ 103.8235969, 1.2485836 ], [ 103.8235888, 1.2485859 ], [ 103.8235907, 1.2485924 ], [ 103.8235846, 1.2485941 ], [ 103.8235558, 1.248492 ], [ 103.8235615, 1.2484904 ], [ 103.8235655, 1.2485044 ], [ 103.8235733, 1.2485022 ], [ 103.8235488, 1.2484155 ], [ 103.8235554, 1.2484136 ], [ 103.8235601, 1.2484301 ], [ 103.8235967, 1.2484198 ], [ 103.8235955, 1.2484156 ], [ 103.8236014, 1.2484136 ], [ 103.8236109, 1.2484464 ], [ 103.8236527, 1.2484343 ], [ 103.8236432, 1.2484015 ], [ 103.8236368, 1.2483783 ], [ 103.8236429, 1.2483766 ], [ 103.8236495, 1.2483997 ], [ 103.8236583, 1.2484313 ], [ 103.8237, 1.2484198 ], [ 103.8236912, 1.2483882 ], [ 103.8236903, 1.248385 ], [ 103.8236956, 1.2483835 ], [ 103.8236968, 1.2483877 ], [ 103.8237343, 1.2483772 ], [ 103.8237294, 1.2483597 ], [ 103.823736, 1.2483578 ], [ 103.8237605, 1.2484447 ], [ 103.8237677, 1.2484427 ], [ 103.8237635, 1.248428 ], [ 103.8237696, 1.2484263 ], [ 103.8238001, 1.2485347 ], [ 103.8237943, 1.2485363 ], [ 103.8237919, 1.2485276 ], [ 103.8237862, 1.2485292 ], [ 103.8238114, 1.2486187 ], [ 103.8238033, 1.2486209 ], [ 103.8237869, 1.2485626 ], [ 103.8237517, 1.2485725 ], [ 103.8237571, 1.248592 ], [ 103.8237497, 1.248594 ], [ 103.8237414, 1.2485643 ], [ 103.8237237, 1.2485693 ], [ 103.8237406, 1.2486293 ], [ 103.8236833, 1.2486455 ], [ 103.8236668, 1.2485868 ], [ 103.8236538, 1.2485905 ], [ 103.8236653, 1.2486313 ], [ 103.8236592, 1.248633 ], [ 103.8236508, 1.2486033 ], [ 103.8236118, 1.2486143 ], [ 103.8236291, 1.2486759 ], [ 103.8236234, 1.2486775 ] ] ] } },
{ "type": "Feature", "properties": { "element": "way", "id": 163201859, "name": null, "building": "yes" }, "geometry": { "type": "Polygon", "coordinates": [ [ [ 103.8233925, 1.2488145 ], [ 103.8233528, 1.2487468 ], [ 103.8233456, 1.2487511 ], [ 103.8233491, 1.2487569 ], [ 103.8233437, 1.2487602 ], [ 103.8232892, 1.2486692 ], [ 103.8232942, 1.2486662 ], [ 103.8233017, 1.2486786 ], [ 103.8233086, 1.2486745 ], [ 103.8232623, 1.2485971 ], [ 103.8232682, 1.2485936 ], [ 103.823277, 1.2486083 ], [ 103.8233096, 1.2485888 ], [ 103.8233074, 1.2485851 ], [ 103.8233125, 1.2485816 ], [ 103.8233303, 1.2486107 ], [ 103.8233675, 1.2485881 ], [ 103.8233498, 1.248559 ], [ 103.8233374, 1.2485382 ], [ 103.8233429, 1.2485349 ], [ 103.8233554, 1.2485556 ], [ 103.8233721, 1.2485838 ], [ 103.8234093, 1.2485617 ], [ 103.8233926, 1.2485335 ], [ 103.8233908, 1.2485307 ], [ 103.8233956, 1.2485278 ], [ 103.8233979, 1.2485316 ], [ 103.8234313, 1.2485116 ], [ 103.8234219, 1.248496 ], [ 103.8234278, 1.2484925 ], [ 103.8234742, 1.2485699 ], [ 103.8234806, 1.2485661 ], [ 103.8234728, 1.248553 ], [ 103.8234782, 1.2485498 ], [ 103.8235361, 1.2486463 ], [ 103.8235309, 1.2486494 ], [ 103.8235262, 1.2486417 ], [ 103.8235212, 1.2486447 ], [ 103.823559, 1.2487107 ], [ 103.8235518, 1.248715 ], [ 103.8235306, 1.2486768 ], [ 103.8234992, 1.2486956 ], [ 103.8235096, 1.2487129 ], [ 103.823503, 1.2487168 ], [ 103.8234871, 1.2486904 ], [ 103.8234714, 1.2486998 ], [ 103.8235034, 1.2487533 ], [ 103.8234524, 1.2487839 ], [ 103.8234211, 1.2487316 ], [ 103.8234095, 1.2487386 ], [ 103.8234313, 1.2487749 ], [ 103.8234259, 1.2487781 ], [ 103.82341, 1.2487516 ], [ 103.8233752, 1.2487725 ], [ 103.8233977, 1.2488115 ], [ 103.8233925, 1.2488145 ] ] ] } },
{ "type": "Feature", "properties": { "element": "way", "id": 163201860, "name": null, "building": "yes" }, "geometry": { "type": "Polygon", "coordinates": [ [ [ 103.8239061, 1.2486075 ], [ 103.823907, 1.2485294 ], [ 103.8238987, 1.2485292 ], [ 103.8238985, 1.248536 ], [ 103.8238922, 1.2485358 ], [ 103.8238949, 1.2484298 ], [ 103.8239008, 1.2484299 ], [ 103.8239004, 1.2484445 ], [ 103.8239085, 1.2484447 ], [ 103.8239108, 1.2483545 ], [ 103.8239177, 1.2483547 ], [ 103.8239172, 1.2483719 ], [ 103.8239552, 1.2483728 ], [ 103.8239553, 1.2483685 ], [ 103.8239616, 1.2483683 ], [ 103.8239609, 1.2484024 ], [ 103.8240045, 1.2484033 ], [ 103.8240051, 1.2483691 ], [ 103.8240058, 1.248345 ], [ 103.8240122, 1.2483452 ], [ 103.8240117, 1.2483693 ], [ 103.8240107, 1.248402 ], [ 103.8240539, 1.2484033 ], [ 103.8240549, 1.2483705 ], [ 103.8240549, 1.2483673 ], [ 103.8240605, 1.2483674 ], [ 103.8240604, 1.2483718 ], [ 103.8240993, 1.2483728 ], [ 103.8240998, 1.2483546 ], [ 103.8241066, 1.2483547 ], [ 103.8241044, 1.248445 ], [ 103.8241118, 1.2484452 ], [ 103.8241122, 1.24843 ], [ 103.8241185, 1.2484301 ], [ 103.8241157, 1.2485427 ], [ 103.8241096, 1.2485425 ], [ 103.8241098, 1.2485335 ], [ 103.824104, 1.2485333 ], [ 103.8241016, 1.2486116 ], [ 103.8240932, 1.2486114 ], [ 103.8240947, 1.2485654 ], [ 103.8240582, 1.2485645 ], [ 103.8240577, 1.2485847 ], [ 103.82405, 1.2485845 ], [ 103.8240507, 1.2485536 ], [ 103.8240324, 1.2485532 ], [ 103.8240308, 1.2486155 ], [ 103.8239713, 1.248614 ], [ 103.8239728, 1.2485531 ], [ 103.8239593, 1.2485528 ], [ 103.8239583, 1.2485952 ], [ 103.823952, 1.248595 ], [ 103.8239528, 1.2485641 ], [ 103.8239122, 1.2485631 ], [ 103.8239121, 1.2486077 ], [ 103.8239061, 1.2486075 ] ] ] } },
{ "type": "Feature", "properties": { "element": "way", "id": 163201861, "name": null, "building": "yes" }, "geometry": { "type": "Polygon", "coordinates": [ [ [ 103.8230677, 1.2492487 ], [ 103.8229808, 1.2492044 ], [ 103.822977, 1.2492118 ], [ 103.8229831, 1.2492149 ], [ 103.8229802, 1.2492205 ], [ 103.8228857, 1.2491723 ], [ 103.8228884, 1.249167 ], [ 103.8229014, 1.2491736 ], [ 103.8229051, 1.2491664 ], [ 103.8228247, 1.2491254 ], [ 103.8228279, 1.2491193 ], [ 103.8228432, 1.2491271 ], [ 103.8228604, 1.2490933 ], [ 103.8228566, 1.2490913 ], [ 103.8228591, 1.2490856 ], [ 103.8228896, 1.2491009 ], [ 103.8229091, 1.249062 ], [ 103.8228786, 1.2490467 ], [ 103.8228572, 1.2490356 ], [ 103.8228601, 1.2490299 ], [ 103.8228816, 1.2490408 ], [ 103.8229107, 1.2490559 ], [ 103.8229306, 1.2490175 ], [ 103.8229014, 1.2490024 ], [ 103.8228985, 1.249001 ], [ 103.822901, 1.248996 ], [ 103.8229049, 1.248998 ], [ 103.8229226, 1.2489633 ], [ 103.8229064, 1.248955 ], [ 103.8229095, 1.2489489 ], [ 103.82299, 1.24899 ], [ 103.8229934, 1.2489834 ], [ 103.8229798, 1.2489764 ], [ 103.8229827, 1.2489708 ], [ 103.823083, 1.249022 ], [ 103.8230802, 1.2490274 ], [ 103.8230721, 1.2490233 ], [ 103.8230695, 1.2490285 ], [ 103.8231523, 1.2490708 ], [ 103.8231485, 1.2490783 ], [ 103.8230945, 1.2490507 ], [ 103.8230778, 1.2490833 ], [ 103.8230958, 1.2490925 ], [ 103.8230923, 1.2490993 ], [ 103.8230648, 1.2490853 ], [ 103.8230564, 1.2491017 ], [ 103.823112, 1.24913 ], [ 103.8230849, 1.249183 ], [ 103.8230307, 1.2491553 ], [ 103.8230245, 1.2491673 ], [ 103.8230623, 1.2491866 ], [ 103.8230594, 1.2491922 ], [ 103.8230319, 1.2491781 ], [ 103.8230134, 1.2492143 ], [ 103.8230705, 1.2492434 ], [ 103.8230677, 1.2492487 ] ] ] } },
{ "type": "Feature", "properties": { "element": "way", "id": 163201862, "name": null, "building": "yes" }, "geometry": { "type": "Polygon", "coordinates": [ [ [ 103.8232153, 1.2490193 ], [ 103.8231433, 1.2489535 ], [ 103.8231376, 1.2489596 ], [ 103.8231426, 1.2489642 ], [ 103.8231384, 1.2489689 ], [ 103.8230601, 1.2488974 ], [ 103.8230641, 1.248893 ], [ 103.8230748, 1.2489028 ], [ 103.8230802, 1.2488968 ], [ 103.8230136, 1.248836 ], [ 103.8230183, 1.2488309 ], [ 103.823031, 1.2488425 ], [ 103.8230566, 1.2488145 ], [ 103.8230534, 1.2488115 ], [ 103.8230573, 1.2488067 ], [ 103.8230827, 1.2488295 ], [ 103.8231119, 1.2487972 ], [ 103.8230865, 1.2487744 ], [ 103.8230688, 1.248758 ], [ 103.8230731, 1.2487533 ], [ 103.8230909, 1.2487695 ], [ 103.823115, 1.2487917 ], [ 103.8231443, 1.2487599 ], [ 103.8231202, 1.2487377 ], [ 103.8231177, 1.2487355 ], [ 103.8231215, 1.2487314 ], [ 103.8231248, 1.2487344 ], [ 103.823151, 1.2487056 ], [ 103.8231376, 1.2486933 ], [ 103.8231422, 1.2486883 ], [ 103.8232089, 1.2487492 ], [ 103.8232139, 1.2487437 ], [ 103.8232027, 1.2487334 ], [ 103.8232069, 1.2487287 ], [ 103.8232901, 1.2488047 ], [ 103.823286, 1.2488091 ], [ 103.8232793, 1.248803 ], [ 103.8232753, 1.2488073 ], [ 103.823344, 1.24887 ], [ 103.8233383, 1.2488763 ], [ 103.8232935, 1.2488354 ], [ 103.8232689, 1.2488624 ], [ 103.8232838, 1.248876 ], [ 103.8232786, 1.2488817 ], [ 103.8232558, 1.2488609 ], [ 103.8232434, 1.2488744 ], [ 103.8232894, 1.2489165 ], [ 103.8232493, 1.2489604 ], [ 103.8232043, 1.2489193 ], [ 103.8231952, 1.2489293 ], [ 103.8232265, 1.2489579 ], [ 103.8232223, 1.2489625 ], [ 103.8231995, 1.2489417 ], [ 103.8231721, 1.2489717 ], [ 103.8232194, 1.2490148 ], [ 103.8232153, 1.2490193 ] ] ] } },
{ "type": "Feature", "properties": { "element": "way", "id": 163201863, "name": null, "building": "yes" }, "geometry": { "type": "Polygon", "coordinates": [ [ [ 103.822886, 1.2496555 ], [ 103.8228189, 1.2496497 ], [ 103.8228182, 1.2496545 ], [ 103.8228326, 1.2496561 ], [ 103.8228311, 1.2496622 ], [ 103.822711, 1.2496558 ], [ 103.8227105, 1.2496495 ], [ 103.82272, 1.2496506 ], [ 103.8227205, 1.2496427 ], [ 103.8226502, 1.249641 ], [ 103.8226505, 1.2496342 ], [ 103.8226612, 1.2496326 ], [ 103.8226632, 1.2495908 ], [ 103.8226565, 1.2495903 ], [ 103.8226558, 1.2495836 ], [ 103.8226877, 1.249586 ], [ 103.8226917, 1.2495298 ], [ 103.8226783, 1.2495282 ], [ 103.8226791, 1.2495218 ], [ 103.82271, 1.2495224 ], [ 103.822715, 1.2494732 ], [ 103.8226909, 1.2494697 ], [ 103.8226928, 1.249462 ], [ 103.822705, 1.2494648 ], [ 103.8227112, 1.2494062 ], [ 103.8226887, 1.2494046 ], [ 103.8226892, 1.2494003 ], [ 103.8226931, 1.2494 ], [ 103.8226976, 1.2493611 ], [ 103.8226898, 1.2493598 ], [ 103.8226908, 1.2493554 ], [ 103.8227587, 1.249361 ], [ 103.8227597, 1.2493533 ], [ 103.8227548, 1.2493531 ], [ 103.8227549, 1.2493476 ], [ 103.8228153, 1.2493543 ], [ 103.8228139, 1.2493605 ], [ 103.8228059, 1.2493595 ], [ 103.8228048, 1.249367 ], [ 103.822871, 1.2493739 ], [ 103.8228701, 1.2493795 ], [ 103.822861, 1.2493778 ], [ 103.8228552, 1.2494164 ], [ 103.8228903, 1.2494212 ], [ 103.8228891, 1.2494269 ], [ 103.8228849, 1.249426 ], [ 103.8228782, 1.2494824 ], [ 103.8228959, 1.2494839 ], [ 103.8228955, 1.2494916 ], [ 103.8229524, 1.2494982 ], [ 103.8229547, 1.2494889 ], [ 103.8229389, 1.2494871 ], [ 103.8229479, 1.249435 ], [ 103.822961, 1.2493625 ], [ 103.8230401, 1.2493802 ], [ 103.8230336, 1.2494147 ], [ 103.8230288, 1.2494535 ], [ 103.8230221, 1.2494963 ], [ 103.8230378, 1.2494993 ], [ 103.8230343, 1.249553 ], [ 103.8230184, 1.2495506 ], [ 103.8230163, 1.2495565 ], [ 103.823023, 1.2495595 ], [ 103.8230198, 1.2496017 ], [ 103.8230204, 1.2496572 ], [ 103.823025, 1.2496966 ], [ 103.8229403, 1.2497066 ], [ 103.8229357, 1.2496513 ], [ 103.8229346, 1.2496154 ], [ 103.8229344, 1.2495525 ], [ 103.8229504, 1.2495531 ], [ 103.8229515, 1.2495386 ], [ 103.8229075, 1.2495345 ], [ 103.8229084, 1.249541 ], [ 103.822914, 1.2495403 ], [ 103.8229119, 1.2495493 ], [ 103.8228844, 1.2495465 ], [ 103.8228814, 1.2495982 ], [ 103.8228933, 1.2495992 ], [ 103.8228931, 1.2496061 ], [ 103.8228793, 1.2496044 ], [ 103.8228761, 1.2496455 ], [ 103.8228862, 1.2496472 ], [ 103.822886, 1.2496555 ] ] ] } },
{ "type": "Feature", "properties": { "element": "way", "id": 163201864, "name": null, "building": "yes" }, "geometry": { "type": "Polygon", "coordinates": [ [ [ 103.8229755, 1.2500307 ], [ 103.8229106, 1.2500483 ], [ 103.8229115, 1.2500531 ], [ 103.8229256, 1.2500496 ], [ 103.8229264, 1.2500559 ], [ 103.8228113, 1.2500912 ], [ 103.8228087, 1.2500854 ], [ 103.822818, 1.2500832 ], [ 103.8228158, 1.2500756 ], [ 103.8227491, 1.2500982 ], [ 103.8227471, 1.2500917 ], [ 103.8227566, 1.2500865 ], [ 103.8227441, 1.2500467 ], [ 103.8227376, 1.2500485 ], [ 103.8227347, 1.2500424 ], [ 103.8227655, 1.2500337 ], [ 103.8227499, 1.2499795 ], [ 103.8227367, 1.2499826 ], [ 103.8227352, 1.2499763 ], [ 103.8227645, 1.2499663 ], [ 103.8227523, 1.2499184 ], [ 103.8227284, 1.2499234 ], [ 103.8227276, 1.2499155 ], [ 103.8227399, 1.249914 ], [ 103.8227281, 1.2498602 ], [ 103.822704, 1.2498631 ], [ 103.8227029, 1.2498589 ], [ 103.8227069, 1.2498583 ], [ 103.8226987, 1.2498203 ], [ 103.8226896, 1.2498205 ], [ 103.822689, 1.2498161 ], [ 103.8227546, 1.249798 ], [ 103.8227541, 1.2497912 ], [ 103.8227483, 1.249792 ], [ 103.8227465, 1.2497867 ], [ 103.8228055, 1.2497723 ], [ 103.8228063, 1.2497786 ], [ 103.8227985, 1.2497804 ], [ 103.8228, 1.2497878 ], [ 103.8228646, 1.2497715 ], [ 103.8228656, 1.249777 ], [ 103.8228565, 1.2497786 ], [ 103.8228643, 1.2498169 ], [ 103.822899, 1.2498093 ], [ 103.8228998, 1.249815 ], [ 103.8228956, 1.2498156 ], [ 103.8229087, 1.2498709 ], [ 103.8229257, 1.2498662 ], [ 103.8229281, 1.2498735 ], [ 103.8229837, 1.2498602 ], [ 103.8229827, 1.2498507 ], [ 103.8229672, 1.2498544 ], [ 103.8229578, 1.2498024 ], [ 103.8229452, 1.2497298 ], [ 103.8230255, 1.2497193 ], [ 103.8230312, 1.2497539 ], [ 103.8230402, 1.249792 ], [ 103.8230486, 1.2498345 ], [ 103.8230643, 1.2498318 ], [ 103.8230795, 1.2498835 ], [ 103.8230638, 1.2498867 ], [ 103.8230638, 1.249893 ], [ 103.8230711, 1.2498935 ], [ 103.8230827, 1.2499342 ], [ 103.8231024, 1.2499861 ], [ 103.8231202, 1.2500215 ], [ 103.8230441, 1.2500601 ], [ 103.8230207, 1.2500097 ], [ 103.8230074, 1.2499764 ], [ 103.8229856, 1.2499174 ], [ 103.8230008, 1.2499124 ], [ 103.8229969, 1.2498985 ], [ 103.8229541, 1.2499098 ], [ 103.8229572, 1.2499155 ], [ 103.8229622, 1.2499129 ], [ 103.8229633, 1.2499221 ], [ 103.8229365, 1.2499289 ], [ 103.8229515, 1.2499785 ], [ 103.822963, 1.2499753 ], [ 103.8229652, 1.2499819 ], [ 103.8229517, 1.2499851 ], [ 103.8229629, 1.2500248 ], [ 103.8229728, 1.2500229 ], [ 103.8229755, 1.2500307 ] ] ] } },
{ "type": "Feature", "properties": { "element": "way", "id": 163201865, "name": null, "building": "yes" }, "geometry": { "type": "Polygon", "coordinates": [ [ [ 103.8219636, 1.2502217 ], [ 103.822009, 1.2501759 ], [ 103.8220041, 1.2501714 ], [ 103.8219946, 1.2501821 ], [ 103.8219904, 1.2501774 ], [ 103.8220696, 1.2500847 ], [ 103.8220748, 1.2500882 ], [ 103.8220682, 1.250095 ], [ 103.8220741, 1.2501003 ], [ 103.8221255, 1.2500443 ], [ 103.8221307, 1.2500488 ], [ 103.8221255, 1.2500582 ], [ 103.8221501, 1.2500867 ], [ 103.8221547, 1.2500816 ], [ 103.8221604, 1.2500852 ], [ 103.822139, 1.250109 ], [ 103.822181, 1.2501466 ], [ 103.8221905, 1.2501369 ], [ 103.8221951, 1.2501415 ], [ 103.8221745, 1.2501671 ], [ 103.822204, 1.2501932 ], [ 103.8222195, 1.2501758 ], [ 103.8222242, 1.2501803 ], [ 103.8222148, 1.25019 ], [ 103.8222601, 1.2502249 ], [ 103.8222722, 1.2502081 ], [ 103.8222759, 1.2502104 ], [ 103.8222734, 1.2502135 ], [ 103.8223067, 1.2502394 ], [ 103.8223128, 1.2502326 ], [ 103.8223164, 1.2502353 ], [ 103.8222758, 1.2502887 ], [ 103.8222812, 1.2502928 ], [ 103.8222845, 1.250288 ], [ 103.8222896, 1.2502901 ], [ 103.8222463, 1.2503436 ], [ 103.8222414, 1.2503396 ], [ 103.8222458, 1.2503328 ], [ 103.8222395, 1.2503286 ], [ 103.8222021, 1.2503784 ], [ 103.8221975, 1.2503752 ], [ 103.8222031, 1.2503677 ], [ 103.8221764, 1.2503422 ], [ 103.8221526, 1.2503703 ], [ 103.8221482, 1.2503665 ], [ 103.822151, 1.2503633 ], [ 103.8221042, 1.2503264 ], [ 103.8220944, 1.2503412 ], [ 103.8220891, 1.2503388 ], [ 103.8220946, 1.2503299 ], [ 103.8220903, 1.2503274 ], [ 103.8220449, 1.2503811 ], [ 103.8220528, 1.2503865 ], [ 103.8220601, 1.2503779 ], [ 103.8221155, 1.2504157 ], [ 103.8221985, 1.2504694 ], [ 103.8221572, 1.2505425 ], [ 103.8221059, 1.2505093 ], [ 103.8220627, 1.2504818 ], [ 103.8220302, 1.2504586 ], [ 103.8220032, 1.2504341 ], [ 103.8219943, 1.2504463 ], [ 103.8219503, 1.2504111 ], [ 103.82196, 1.2504012 ], [ 103.8219219, 1.2503636 ], [ 103.8218786, 1.2503175 ], [ 103.8218187, 1.2502433 ], [ 103.821886, 1.2501912 ], [ 103.8219361, 1.2502522 ], [ 103.8219693, 1.2502897 ], [ 103.8220149, 1.2503349 ], [ 103.8220057, 1.2503462 ], [ 103.8220121, 1.2503517 ], [ 103.8220477, 1.2503125 ], [ 103.822044, 1.2503107 ], [ 103.8220406, 1.2503151 ], [ 103.822035, 1.2503101 ], [ 103.822053, 1.2502891 ], [ 103.8220114, 1.2502522 ], [ 103.8220034, 1.250261 ], [ 103.821998, 1.2502567 ], [ 103.8220077, 1.2502468 ], [ 103.8219772, 1.2502181 ], [ 103.8219707, 1.250226 ], [ 103.8219636, 1.2502217 ] ] ] } },
{ "type": "Feature", "properties": { "element": "way", "id": 163201866, "name": null, "building": "yes" }, "geometry": { "type": "Polygon", "coordinates": [ [ [ 103.8223418, 1.2504995 ], [ 103.8223598, 1.2504375 ], [ 103.8223533, 1.250436 ], [ 103.8223501, 1.2504499 ], [ 103.8223441, 1.2504478 ], [ 103.8223694, 1.2503285 ], [ 103.8223757, 1.250329 ], [ 103.8223731, 1.2503382 ], [ 103.8223808, 1.25034 ], [ 103.8223937, 1.2502708 ], [ 103.8224003, 1.2502722 ], [ 103.8224002, 1.250283 ], [ 103.8224411, 1.2502917 ], [ 103.8224427, 1.2502852 ], [ 103.8224494, 1.2502856 ], [ 103.822442, 1.2503167 ], [ 103.8224968, 1.2503296 ], [ 103.8225005, 1.2503166 ], [ 103.8225068, 1.2503184 ], [ 103.8225009, 1.2503507 ], [ 103.8225394, 1.2503596 ], [ 103.8225447, 1.2503369 ], [ 103.8225509, 1.2503386 ], [ 103.8225472, 1.2503516 ], [ 103.8226038, 1.2503606 ], [ 103.822608, 1.2503367 ], [ 103.8226124, 1.2503369 ], [ 103.8226117, 1.2503408 ], [ 103.8226533, 1.2503477 ], [ 103.8226554, 1.2503387 ], [ 103.8226599, 1.2503394 ], [ 103.822648, 1.2504092 ], [ 103.8226547, 1.2504102 ], [ 103.8226553, 1.2504044 ], [ 103.8226608, 1.2504039 ], [ 103.8226515, 1.2504785 ], [ 103.8226452, 1.2504773 ], [ 103.8226459, 1.2504692 ], [ 103.8226384, 1.2504685 ], [ 103.8226299, 1.2505227 ], [ 103.8226243, 1.250522 ], [ 103.8226256, 1.2505128 ], [ 103.8225863, 1.2505037 ], [ 103.8225788, 1.2505397 ], [ 103.8225731, 1.2505385 ], [ 103.822574, 1.2505344 ], [ 103.8225153, 1.2505243 ], [ 103.8225137, 1.2505419 ], [ 103.822508, 1.2505423 ], [ 103.8225085, 1.2505319 ], [ 103.8225035, 1.2505318 ], [ 103.8224911, 1.250593 ], [ 103.8225005, 1.2505939 ], [ 103.8225029, 1.2505829 ], [ 103.8225687, 1.2505926 ], [ 103.8226474, 1.250597 ], [ 103.8226421, 1.2506815 ], [ 103.8226037, 1.2506801 ], [ 103.8225699, 1.2506783 ], [ 103.8225183, 1.2506706 ], [ 103.8224867, 1.2506637 ], [ 103.8224847, 1.2506787 ], [ 103.8224277, 1.2506658 ], [ 103.8224314, 1.2506525 ], [ 103.8223759, 1.2506395 ], [ 103.8223192, 1.2506195 ], [ 103.8222605, 1.2505944 ], [ 103.8222898, 1.2505158 ], [ 103.8223359, 1.2505339 ], [ 103.8223801, 1.2505488 ], [ 103.8224424, 1.2505674 ], [ 103.8224397, 1.2505817 ], [ 103.822448, 1.2505835 ], [ 103.822459, 1.2505391 ], [ 103.8224549, 1.2505392 ], [ 103.822454, 1.2505448 ], [ 103.8224467, 1.250543 ], [ 103.8224525, 1.250516 ], [ 103.8223983, 1.2505034 ], [ 103.8223955, 1.250515 ], [ 103.8223886, 1.2505138 ], [ 103.8223924, 1.2505005 ], [ 103.822352, 1.2504898 ], [ 103.82235, 1.2504998 ], [ 103.8223418, 1.2504995 ] ] ] } },
{ "type": "Feature", "properties": { "element": "way", "id": 163201867, "name": null, "building": "yes" }, "geometry": { "type": "Polygon", "coordinates": [ [ [ 103.8230429, 1.2505078 ], [ 103.8229765, 1.2504824 ], [ 103.822974, 1.2504886 ], [ 103.8229873, 1.2504938 ], [ 103.8229844, 1.2504994 ], [ 103.82287, 1.250457 ], [ 103.8228715, 1.2504508 ], [ 103.8228802, 1.2504547 ], [ 103.8228831, 1.2504474 ], [ 103.8228165, 1.2504245 ], [ 103.8228189, 1.2504181 ], [ 103.8228295, 1.2504198 ], [ 103.8228441, 1.2503807 ], [ 103.8228379, 1.2503781 ], [ 103.8228393, 1.2503715 ], [ 103.822869, 1.2503834 ], [ 103.8228898, 1.2503311 ], [ 103.8228774, 1.2503255 ], [ 103.8228801, 1.2503196 ], [ 103.8229113, 1.2503301 ], [ 103.8229257, 1.2502934 ], [ 103.822904, 1.2502848 ], [ 103.8229066, 1.2502789 ], [ 103.8229189, 1.2502844 ], [ 103.8229361, 1.2502299 ], [ 103.8229131, 1.2502221 ], [ 103.8229139, 1.2502179 ], [ 103.8229177, 1.2502191 ], [ 103.8229306, 1.250179 ], [ 103.8229221, 1.2501756 ], [ 103.8229234, 1.2501713 ], [ 103.8229906, 1.2501933 ], [ 103.8229927, 1.2501867 ], [ 103.822987, 1.2501853 ], [ 103.8229873, 1.2501798 ], [ 103.8230597, 1.2501999 ], [ 103.8230576, 1.2502059 ], [ 103.8230498, 1.2502041 ], [ 103.823048, 1.2502114 ], [ 103.8231003, 1.2502278 ], [ 103.8230988, 1.2502332 ], [ 103.8230899, 1.2502306 ], [ 103.8230781, 1.2502675 ], [ 103.8231121, 1.2502777 ], [ 103.8231099, 1.2502831 ], [ 103.823106, 1.2502816 ], [ 103.8230891, 1.2503381 ], [ 103.8231063, 1.2503424 ], [ 103.8231058, 1.2503482 ], [ 103.8230956, 1.250346 ], [ 103.8230947, 1.2503509 ], [ 103.823156, 1.2503716 ], [ 103.8231584, 1.2503624 ], [ 103.8231479, 1.2503584 ], [ 103.8231529, 1.2502715 ], [ 103.8231318, 1.2501959 ], [ 103.8232091, 1.2501666 ], [ 103.8232284, 1.2502261 ], [ 103.8232363, 1.2502933 ], [ 103.8232342, 1.2503604 ], [ 103.8232294, 1.2503895 ], [ 103.8232367, 1.250392 ], [ 103.8232249, 1.250428 ], [ 103.8232092, 1.2504569 ], [ 103.8231949, 1.2504497 ], [ 103.823191, 1.2504547 ], [ 103.8231965, 1.2504596 ], [ 103.8231787, 1.2504961 ], [ 103.8231419, 1.250543 ], [ 103.8230648, 1.2506074 ], [ 103.8230157, 1.2505323 ], [ 103.8230456, 1.2505168 ], [ 103.8230843, 1.2504786 ], [ 103.8231297, 1.250412 ], [ 103.8231398, 1.2504153 ], [ 103.8231413, 1.25041 ], [ 103.8230996, 1.2503938 ], [ 103.8230976, 1.2504 ], [ 103.823103, 1.2504018 ], [ 103.8231, 1.2504088 ], [ 103.8230743, 1.2503986 ], [ 103.8230545, 1.2504524 ], [ 103.8230656, 1.2504568 ], [ 103.8230635, 1.2504634 ], [ 103.8230507, 1.2504578 ], [ 103.8230347, 1.2504964 ], [ 103.8230443, 1.2504997 ], [ 103.8230429, 1.2505078 ] ] ] } },
{ "type": "Feature", "properties": { "element": "way", "id": 163203393, "name": null, "building": "yes" }, "geometry": { "type": "Polygon", "coordinates": [ [ [ 103.8248939, 1.2469328 ], [ 103.8250105, 1.2467294 ], [ 103.8250559, 1.2467554 ], [ 103.8250386, 1.2467857 ], [ 103.8250888, 1.2468145 ], [ 103.8251539, 1.246701 ], [ 103.8251869, 1.2467199 ], [ 103.82505, 1.2469586 ], [ 103.8249663, 1.2469107 ], [ 103.8249389, 1.2469585 ], [ 103.8248939, 1.2469328 ] ] ] } },
{ "type": "Feature", "properties": { "element": "way", "id": 163203394, "name": null, "building": "yes" }, "geometry": { "type": "Polygon", "coordinates": [ [ [ 103.8233818, 1.2511917 ], [ 103.8234191, 1.2512877 ], [ 103.8234333, 1.2513199 ], [ 103.823445, 1.2513135 ], [ 103.8234498, 1.2513203 ], [ 103.8235085, 1.2511981 ], [ 103.8234884, 1.2511386 ], [ 103.823459, 1.2511627 ], [ 103.8234265, 1.2511852 ], [ 103.8234052, 1.2511917 ], [ 103.8233818, 1.2511917 ] ] ] } },
{ "type": "Feature", "properties": { "element": "way", "id": 163203395, "name": null, "building": "yes" }, "geometry": { "type": "Polygon", "coordinates": [ [ [ 103.8230752, 1.2515071 ], [ 103.8231276, 1.2514841 ], [ 103.8231118, 1.2514481 ], [ 103.8231035, 1.2514517 ], [ 103.8230981, 1.2514392 ], [ 103.8230941, 1.251441 ], [ 103.8230807, 1.2514105 ], [ 103.8230527, 1.2514229 ], [ 103.8230667, 1.2514547 ], [ 103.8230621, 1.2514567 ], [ 103.8230667, 1.2514672 ], [ 103.8230592, 1.2514706 ], [ 103.8230752, 1.2515071 ] ] ] } },
{ "type": "Feature", "properties": { "element": "way", "id": 163203396, "name": null, "building": "yes" }, "geometry": { "type": "Polygon", "coordinates": [ [ [ 103.8227787, 1.2516415 ], [ 103.8227745, 1.2516322 ], [ 103.8227561, 1.2516405 ], [ 103.8227349, 1.2515935 ], [ 103.8227539, 1.251585 ], [ 103.8227302, 1.2515323 ], [ 103.8227549, 1.2515212 ], [ 103.8227315, 1.2514693 ], [ 103.8227757, 1.2514494 ], [ 103.8227809, 1.2514611 ], [ 103.8228191, 1.2514439 ], [ 103.8228136, 1.2514316 ], [ 103.8228845, 1.2513997 ], [ 103.8228906, 1.2514133 ], [ 103.8229242, 1.2513982 ], [ 103.8229181, 1.2513846 ], [ 103.8230043, 1.2513458 ], [ 103.8230592, 1.2514706 ], [ 103.8230752, 1.2515071 ], [ 103.8227787, 1.2516415 ] ] ] } },
{ "type": "Feature", "properties": { "element": "way", "id": 163203397, "name": null, "building": "yes" }, "geometry": { "type": "Polygon", "coordinates": [ [ [ 103.8234255, 1.2513523 ], [ 103.8234214, 1.251343 ], [ 103.8234399, 1.2513348 ], [ 103.8234333, 1.2513199 ], [ 103.8234191, 1.2512877 ], [ 103.8234001, 1.251296 ], [ 103.8233769, 1.2512432 ], [ 103.8233521, 1.2512541 ], [ 103.8233292, 1.251202 ], [ 103.8232848, 1.2512215 ], [ 103.82329, 1.2512332 ], [ 103.8232516, 1.2512501 ], [ 103.8232462, 1.2512377 ], [ 103.823175, 1.251269 ], [ 103.8231811, 1.2512827 ], [ 103.8231473, 1.2512975 ], [ 103.8231413, 1.2512839 ], [ 103.8230548, 1.251322 ], [ 103.8231118, 1.2514481 ], [ 103.8231276, 1.2514841 ], [ 103.8234255, 1.2513523 ] ] ] } },
{ "type": "Feature", "properties": { "element": "way", "id": 163203400, "name": null, "building": "yes" }, "geometry": { "type": "Polygon", "coordinates": [ [ [ 103.824228, 1.2477849 ], [ 103.8242519, 1.2478274 ], [ 103.824196, 1.2478588 ], [ 103.8241721, 1.2478163 ], [ 103.824228, 1.2477849 ] ] ] } },
{ "type": "Feature", "properties": { "element": "way", "id": 163203401, "name": null, "building": "yes" }, "geometry": { "type": "Polygon", "coordinates": [ [ [ 103.8246091, 1.2475458 ], [ 103.8246508, 1.2476149 ], [ 103.8245593, 1.2476701 ], [ 103.8245176, 1.2476011 ], [ 103.8246091, 1.2475458 ] ] ] } },
{ "type": "Feature", "properties": { "element": "way", "id": 163203402, "name": null, "building": "yes" }, "geometry": { "type": "Polygon", "coordinates": [ [ [ 103.8230304, 1.2525082 ], [ 103.8231088, 1.252497 ], [ 103.8230992, 1.2524301 ], [ 103.8230208, 1.2524413 ], [ 103.8230304, 1.2525082 ] ] ] } },
{ "type": "Feature", "properties": { "element": "way", "id": 163203403, "name": null, "building": "yes" }, "geometry": { "type": "Polygon", "coordinates": [ [ [ 103.8240934, 1.2517686 ], [ 103.8241535, 1.2518336 ], [ 103.8242495, 1.2517448 ], [ 103.8241893, 1.2516798 ], [ 103.8240934, 1.2517686 ] ] ] } },
{ "type": "Feature", "properties": { "element": "way", "id": 163203404, "name": null, "building": "yes" }, "geometry": { "type": "Polygon", "coordinates": [ [ [ 103.8243823, 1.2478964 ], [ 103.8244765, 1.2478454 ], [ 103.824517, 1.2479203 ], [ 103.8244228, 1.2479712 ], [ 103.8243823, 1.2478964 ] ] ] } },
{ "type": "Feature", "properties": { "element": "way", "id": 163203405, "name": null, "building": "toilets" }, "geometry": { "type": "Polygon", "coordinates": [ [ [ 103.8243423, 1.2478137 ], [ 103.8245113, 1.2477345 ], [ 103.824477, 1.2476612 ], [ 103.824308, 1.2477404 ], [ 103.8243423, 1.2478137 ] ] ] } },
{ "type": "Feature", "properties": { "element": "way", "id": 163203406, "name": null, "building": "yes" }, "geometry": { "type": "Polygon", "coordinates": [ [ [ 103.8232703, 1.2511 ], [ 103.8232945, 1.2511596 ], [ 103.823351, 1.2511367 ], [ 103.8233269, 1.2510771 ], [ 103.8232703, 1.2511 ] ] ] } },
{ "type": "Feature", "properties": { "element": "way", "id": 163203407, "name": null, "building": "yes" }, "geometry": { "type": "Polygon", "coordinates": [ [ [ 103.8245283, 1.2469282 ], [ 103.8245429, 1.2469608 ], [ 103.8245091, 1.2469759 ], [ 103.8244945, 1.2469433 ], [ 103.8245283, 1.2469282 ] ] ] } },
{ "type": "Feature", "properties": { "element": "way", "id": 163203408, "name": null, "building": "yes" }, "geometry": { "type": "Polygon", "coordinates": [ [ [ 103.8226786, 1.2525362 ], [ 103.822606, 1.2525401 ], [ 103.8225425, 1.2525436 ], [ 103.8225377, 1.252456 ], [ 103.8226738, 1.2524485 ], [ 103.8226786, 1.2525362 ] ] ] } },
{ "type": "Feature", "properties": { "element": "way", "id": 163203409, "name": null, "building": "yes" }, "geometry": { "type": "Polygon", "coordinates": [ [ [ 103.8235288, 1.2522722 ], [ 103.8235554, 1.2523221 ], [ 103.8234803, 1.2523622 ], [ 103.8234537, 1.2523123 ], [ 103.8235288, 1.2522722 ] ] ] } },
{ "type": "Feature", "properties": { "element": "way", "id": 163203410, "name": null, "building": "yes" }, "geometry": { "type": "Polygon", "coordinates": [ [ [ 103.8232903, 1.251575 ], [ 103.8233087, 1.251593 ], [ 103.8233326, 1.2516206 ], [ 103.823385, 1.251571 ], [ 103.823342, 1.2515258 ], [ 103.8232903, 1.251575 ] ] ] } },
{ "type": "Feature", "properties": { "element": "way", "id": 163203411, "name": null, "building": "yes" }, "geometry": { "type": "Polygon", "coordinates": [ [ [ 103.8232426, 1.2516206 ], [ 103.8232924, 1.2516729 ], [ 103.8233223, 1.2516458 ], [ 103.8232903, 1.2516089 ], [ 103.8232727, 1.251592 ], [ 103.8232426, 1.2516206 ] ] ] } },
{ "type": "Feature", "properties": { "element": "way", "id": 163203412, "name": null, "building": "yes" }, "geometry": { "type": "Polygon", "coordinates": [ [ [ 103.8230679, 1.2517885 ], [ 103.8231116, 1.2517807 ], [ 103.8231086, 1.2517671 ], [ 103.8231033, 1.2517317 ], [ 103.8230994, 1.2517124 ], [ 103.8230558, 1.2517201 ], [ 103.8230679, 1.2517885 ] ] ] } },
{ "type": "Feature", "properties": { "element": "way", "id": 163203413, "name": null, "building": "yes" }, "geometry": { "type": "Polygon", "coordinates": [ [ [ 103.8230166, 1.2517988 ], [ 103.8230584, 1.2517913 ], [ 103.8230483, 1.2517283 ], [ 103.8230066, 1.2517358 ], [ 103.8230088, 1.25175 ], [ 103.8230157, 1.2517911 ], [ 103.8230166, 1.2517988 ] ] ] } },
{ "type": "Feature", "properties": { "element": "way", "id": 163203414, "name": null, "building": "yes" }, "geometry": { "type": "Polygon", "coordinates": [ [ [ 103.8228779, 1.251938 ], [ 103.8228417, 1.2519438 ], [ 103.8228452, 1.2519655 ], [ 103.8228522, 1.2519644 ], [ 103.8228741, 1.2519609 ], [ 103.8228814, 1.2519597 ], [ 103.8228779, 1.251938 ] ] ] } },
{ "type": "Feature", "properties": { "element": "way", "id": 163203415, "name": null, "building": "yes" }, "geometry": { "type": "Polygon", "coordinates": [ [ [ 103.822604, 1.2518862 ], [ 103.8226403, 1.2518913 ], [ 103.8226434, 1.2518695 ], [ 103.8226364, 1.2518685 ], [ 103.8226145, 1.2518654 ], [ 103.8226071, 1.2518644 ], [ 103.822604, 1.2518862 ] ] ] } },
{ "type": "Feature", "properties": { "element": "way", "id": 163203416, "name": null, "building": "yes" }, "geometry": { "type": "Polygon", "coordinates": [ [ [ 103.8227668, 1.2519498 ], [ 103.8227306, 1.2519441 ], [ 103.8227272, 1.2519658 ], [ 103.8227342, 1.2519669 ], [ 103.822756, 1.2519704 ], [ 103.8227634, 1.2519715 ], [ 103.8227668, 1.2519498 ] ] ] } },
{ "type": "Feature", "properties": { "element": "way", "id": 163203417, "name": null, "building": "yes" }, "geometry": { "type": "Polygon", "coordinates": [ [ [ 103.8225275, 1.2518968 ], [ 103.8224955, 1.2518787 ], [ 103.8224847, 1.2518979 ], [ 103.8224909, 1.2519014 ], [ 103.8225101, 1.2519122 ], [ 103.8225166, 1.2519159 ], [ 103.8225275, 1.2518968 ] ] ] } },
{ "type": "Feature", "properties": { "element": "way", "id": 163203418, "name": null, "building": "roof" }, "geometry": { "type": "Polygon", "coordinates": [ [ [ 103.8246451, 1.2472714 ], [ 103.8249013, 1.2470948 ], [ 103.8249144, 1.2471139 ], [ 103.8249319, 1.2471393 ], [ 103.8248952, 1.2471646 ], [ 103.8248129, 1.2472213 ], [ 103.8247198, 1.2472856 ], [ 103.8247056, 1.2472651 ], [ 103.8246984, 1.2472546 ], [ 103.8246544, 1.2472849 ], [ 103.8246451, 1.2472714 ] ] ] } },
{ "type": "Feature", "properties": { "element": "way", "id": 163203419, "name": null, "building": "yes" }, "geometry": { "type": "Polygon", "coordinates": [ [ [ 103.8231597, 1.2517646 ], [ 103.8232014, 1.2517571 ], [ 103.823193, 1.2517105 ], [ 103.8231513, 1.251718 ], [ 103.823153, 1.2517243 ], [ 103.8231583, 1.2517597 ], [ 103.8231597, 1.2517646 ] ] ] } },
{ "type": "Feature", "properties": { "element": "way", "id": 163203420, "name": null, "building": "yes" }, "geometry": { "type": "Polygon", "coordinates": [ [ [ 103.8226287, 1.2519261 ], [ 103.8225927, 1.2519192 ], [ 103.8225885, 1.2519408 ], [ 103.8225955, 1.2519422 ], [ 103.8226172, 1.2519463 ], [ 103.8226246, 1.2519477 ], [ 103.8226287, 1.2519261 ] ] ] } },
{ "type": "Feature", "properties": { "element": "way", "id": 163203421, "name": null, "building": "yes" }, "geometry": { "type": "Polygon", "coordinates": [ [ [ 103.8229237, 1.2518142 ], [ 103.8229674, 1.2518064 ], [ 103.8229661, 1.2517985 ], [ 103.8229592, 1.2517574 ], [ 103.8229552, 1.2517381 ], [ 103.8229116, 1.2517458 ], [ 103.8229237, 1.2518142 ] ] ] } },
{ "type": "Feature", "properties": { "element": "way", "id": 163203423, "name": null, "building": "yes" }, "geometry": { "type": "Polygon", "coordinates": [ [ [ 103.8226364, 1.2518685 ], [ 103.8226434, 1.2518695 ], [ 103.8226815, 1.2518749 ], [ 103.8226912, 1.2518066 ], [ 103.822646, 1.2518003 ], [ 103.822645, 1.2518074 ], [ 103.8226391, 1.251849 ], [ 103.8226364, 1.2518685 ] ] ] } },
{ "type": "Feature", "properties": { "element": "way", "id": 163203424, "name": null, "building": "yes" }, "geometry": { "type": "Polygon", "coordinates": [ [ [ 103.8228522, 1.2519644 ], [ 103.8228452, 1.2519655 ], [ 103.8228072, 1.2519717 ], [ 103.8228182, 1.2520398 ], [ 103.8228633, 1.2520325 ], [ 103.8228621, 1.2520253 ], [ 103.8228554, 1.2519839 ], [ 103.8228522, 1.2519644 ] ] ] } },
{ "type": "Feature", "properties": { "element": "way", "id": 163203425, "name": null, "building": "yes" }, "geometry": { "type": "Polygon", "coordinates": [ [ [ 103.8227342, 1.2519669 ], [ 103.8227272, 1.2519658 ], [ 103.8226891, 1.2519598 ], [ 103.8226784, 1.2520279 ], [ 103.8227234, 1.252035 ], [ 103.8227246, 1.2520279 ], [ 103.8227311, 1.2519864 ], [ 103.8227342, 1.2519669 ] ] ] } },
{ "type": "Feature", "properties": { "element": "way", "id": 163203426, "name": null, "building": "yes" }, "geometry": { "type": "Polygon", "coordinates": [ [ [ 103.8229191, 1.2519536 ], [ 103.8228814, 1.2519597 ], [ 103.8228741, 1.2519609 ], [ 103.8228772, 1.2519804 ], [ 103.8228839, 1.2520218 ], [ 103.8228852, 1.2520294 ], [ 103.8229302, 1.2520221 ], [ 103.8229191, 1.2519536 ] ] ] } },
{ "type": "Feature", "properties": { "element": "way", "id": 163203427, "name": null, "building": "yes" }, "geometry": { "type": "Polygon", "coordinates": [ [ [ 103.8224909, 1.2519014 ], [ 103.8224847, 1.2518979 ], [ 103.8224512, 1.2518789 ], [ 103.8224172, 1.251939 ], [ 103.822457, 1.2519614 ], [ 103.8224605, 1.2519551 ], [ 103.8224812, 1.2519186 ], [ 103.8224909, 1.2519014 ] ] ] } },
{ "type": "Feature", "properties": { "element": "way", "id": 163203428, "name": null, "building": "yes" }, "geometry": { "type": "Polygon", "coordinates": [ [ [ 103.8227246, 1.2518869 ], [ 103.8227697, 1.2518938 ], [ 103.82278, 1.2518257 ], [ 103.8227349, 1.2518188 ], [ 103.8227246, 1.2518869 ] ] ] } },
{ "type": "Feature", "properties": { "element": "way", "id": 163203429, "name": null, "building": "yes" }, "geometry": { "type": "Polygon", "coordinates": [ [ [ 103.8228011, 1.2519775 ], [ 103.8227634, 1.2519715 ], [ 103.822756, 1.2519704 ], [ 103.822753, 1.2519899 ], [ 103.8227464, 1.2520313 ], [ 103.8227452, 1.2520389 ], [ 103.8227903, 1.252046 ], [ 103.8228011, 1.2519775 ] ] ] } },
{ "type": "Feature", "properties": { "element": "way", "id": 163203430, "name": null, "building": "yes" }, "geometry": { "type": "Polygon", "coordinates": [ [ [ 103.8225955, 1.2519422 ], [ 103.8225885, 1.2519408 ], [ 103.8225507, 1.2519336 ], [ 103.8225378, 1.2520013 ], [ 103.8225826, 1.2520099 ], [ 103.8225839, 1.2520028 ], [ 103.8225918, 1.2519616 ], [ 103.8225955, 1.2519422 ] ] ] } },
{ "type": "Feature", "properties": { "element": "way", "id": 163203431, "name": null, "building": "yes" }, "geometry": { "type": "Polygon", "coordinates": [ [ [ 103.8225693, 1.251859 ], [ 103.8226071, 1.2518644 ], [ 103.8226145, 1.2518654 ], [ 103.8226172, 1.2518459 ], [ 103.8226231, 1.2518043 ], [ 103.8226242, 1.2517967 ], [ 103.822579, 1.2517903 ], [ 103.8225693, 1.251859 ] ] ] } },
{ "type": "Feature", "properties": { "element": "way", "id": 163203432, "name": null, "building": "yes" }, "geometry": { "type": "Polygon", "coordinates": [ [ [ 103.8225499, 1.2519347 ], [ 103.8225166, 1.2519159 ], [ 103.8225101, 1.2519122 ], [ 103.8225004, 1.2519294 ], [ 103.8224798, 1.251966 ], [ 103.822476, 1.2519727 ], [ 103.8225157, 1.2519951 ], [ 103.8225499, 1.2519347 ] ] ] } },
{ "type": "Feature", "properties": { "element": "way", "id": 163203433, "name": null, "building": "yes" }, "geometry": { "type": "Polygon", "coordinates": [ [ [ 103.8226621, 1.2519549 ], [ 103.8226246, 1.2519477 ], [ 103.8226172, 1.2519463 ], [ 103.8226135, 1.2519657 ], [ 103.8226056, 1.2520069 ], [ 103.8226042, 1.2520145 ], [ 103.822649, 1.2520231 ], [ 103.8226621, 1.2519549 ] ] ] } },
{ "type": "Feature", "properties": { "element": "way", "id": 163203434, "name": null, "building": "yes" }, "geometry": { "type": "Polygon", "coordinates": [ [ [ 103.8233507, 1.2511071 ], [ 103.8234747, 1.2510611 ], [ 103.8234499, 1.2509941 ], [ 103.8234082, 1.2510096 ], [ 103.8233956, 1.2509756 ], [ 103.8233437, 1.2509949 ], [ 103.8233519, 1.251017 ], [ 103.8233215, 1.2510283 ], [ 103.8233507, 1.2511071 ] ] ] } },
{ "type": "Feature", "properties": { "element": "way", "id": 163203435, "name": null, "building": "yes" }, "geometry": { "type": "Polygon", "coordinates": [ [ [ 103.8231251, 1.2525095 ], [ 103.8234247, 1.2524628 ], [ 103.8234119, 1.2523807 ], [ 103.8234432, 1.2523758 ], [ 103.8234393, 1.2523511 ], [ 103.823408, 1.2523559 ], [ 103.8234059, 1.252343 ], [ 103.8231065, 1.2523896 ], [ 103.8231251, 1.2525095 ] ] ] } },
{ "type": "Feature", "properties": { "element": "way", "id": 163502422, "name": null, "building": "yes" }, "geometry": { "type": "Polygon", "coordinates": [ [ [ 103.8216949, 1.2521964 ], [ 103.8218798, 1.2522734 ], [ 103.8218489, 1.2523477 ], [ 103.8219141, 1.2523748 ], [ 103.8218863, 1.2524415 ], [ 103.8217433, 1.252382 ], [ 103.8217677, 1.2523236 ], [ 103.8217281, 1.2523071 ], [ 103.8217086, 1.252354 ], [ 103.8216409, 1.2523258 ], [ 103.8216949, 1.2521964 ] ] ] } },
{ "type": "Feature", "properties": { "element": "way", "id": 163502423, "name": null, "building": "yes" }, "geometry": { "type": "Polygon", "coordinates": [ [ [ 103.822123, 1.2516651 ], [ 103.8221149, 1.2518548 ], [ 103.8220907, 1.2518538 ], [ 103.8220897, 1.2518776 ], [ 103.8220277, 1.251875 ], [ 103.8220283, 1.2518624 ], [ 103.8219991, 1.2518611 ], [ 103.8219986, 1.2518737 ], [ 103.8219424, 1.2518713 ], [ 103.8219433, 1.2518501 ], [ 103.8219142, 1.2518489 ], [ 103.8219224, 1.2516565 ], [ 103.822123, 1.2516651 ] ] ] } },
{ "type": "Feature", "properties": { "element": "way", "id": 163502425, "name": "Silk Road of the Sea", "building": "yes" }, "geometry": { "type": "Polygon", "coordinates": [ [ [ 103.8204618, 1.2505246 ], [ 103.820578, 1.2504501 ], [ 103.8205993, 1.2504832 ], [ 103.820653, 1.2504488 ], [ 103.8206281, 1.2504099 ], [ 103.8207487, 1.2503326 ], [ 103.8207266, 1.2502981 ], [ 103.8207169, 1.2502829 ], [ 103.8206957, 1.2502498 ], [ 103.8205936, 1.2503152 ], [ 103.820577, 1.2502893 ], [ 103.8204307, 1.2503829 ], [ 103.8204594, 1.2504277 ], [ 103.820417, 1.2504548 ], [ 103.8204618, 1.2505246 ] ] ] } },
{ "type": "Feature", "properties": { "element": "way", "id": 163502427, "name": "Mess Hall", "building": "yes" }, "geometry": { "type": "Polygon", "coordinates": [ [ [ 103.8207738, 1.2527199 ], [ 103.8206177, 1.2528367 ], [ 103.8206136, 1.2528312 ], [ 103.8205468, 1.2528812 ], [ 103.8205577, 1.2528958 ], [ 103.820425, 1.2529952 ], [ 103.8205004, 1.2530959 ], [ 103.8205103, 1.2530885 ], [ 103.8206356, 1.2532558 ], [ 103.8206126, 1.253273 ], [ 103.8207244, 1.2534223 ], [ 103.8208657, 1.2533165 ], [ 103.8207567, 1.2531709 ], [ 103.8206632, 1.2532409 ], [ 103.8205379, 1.2530735 ], [ 103.8206179, 1.2530137 ], [ 103.8206256, 1.2530239 ], [ 103.8207466, 1.2529334 ], [ 103.8207319, 1.2529138 ], [ 103.8208033, 1.2528604 ], [ 103.8208424, 1.2529125 ], [ 103.8208705, 1.2528915 ], [ 103.8209252, 1.2529646 ], [ 103.8210287, 1.2528872 ], [ 103.8209688, 1.2528072 ], [ 103.8209891, 1.2527919 ], [ 103.8209466, 1.2527351 ], [ 103.8210134, 1.2526851 ], [ 103.8210241, 1.2526994 ], [ 103.8211569, 1.2526001 ], [ 103.8211407, 1.2525785 ], [ 103.8212383, 1.2525055 ], [ 103.8211679, 1.2524115 ], [ 103.8208299, 1.2526643 ], [ 103.8208365, 1.2526731 ], [ 103.8208051, 1.2526965 ], [ 103.8207738, 1.2527199 ] ] ] } },
{ "type": "Feature", "properties": { "element": "way", "id": 163502429, "name": null, "building": "yes" }, "geometry": { "type": "Polygon", "coordinates": [ [ [ 103.8215488, 1.2499973 ], [ 103.8215319, 1.2501093 ], [ 103.8214483, 1.2500967 ], [ 103.8214652, 1.2499847 ], [ 103.8215488, 1.2499973 ] ] ] } },
{ "type": "Feature", "properties": { "element": "way", "id": 163502430, "name": null, "building": "yes" }, "geometry": { "type": "Polygon", "coordinates": [ [ [ 103.8213375, 1.25039 ], [ 103.8213723, 1.2504988 ], [ 103.8213087, 1.2505191 ], [ 103.821274, 1.2504103 ], [ 103.8213375, 1.25039 ] ] ] } },
{ "type": "Feature", "properties": { "element": "way", "id": 163502431, "name": null, "building": "yes" }, "geometry": { "type": "Polygon", "coordinates": [ [ [ 103.8212535, 1.2500912 ], [ 103.821386, 1.2501106 ], [ 103.8213723, 1.250204 ], [ 103.8212398, 1.2501846 ], [ 103.8212535, 1.2500912 ] ] ] } },
{ "type": "Feature", "properties": { "element": "way", "id": 163502432, "name": null, "building": "yes" }, "geometry": { "type": "Polygon", "coordinates": [ [ [ 103.8204606, 1.2533707 ], [ 103.820513, 1.2534526 ], [ 103.8204586, 1.2534874 ], [ 103.8204062, 1.2534054 ], [ 103.8204606, 1.2533707 ] ] ] } },
{ "type": "Feature", "properties": { "element": "way", "id": 163502433, "name": null, "building": "yes" }, "geometry": { "type": "Polygon", "coordinates": [ [ [ 103.8211337, 1.2501469 ], [ 103.821204, 1.2501588 ], [ 103.8212245, 1.250038 ], [ 103.8211541, 1.2500261 ], [ 103.8211337, 1.2501469 ] ] ] } },
{ "type": "Feature", "properties": { "element": "way", "id": 163502436, "name": null, "building": "roof" }, "geometry": { "type": "Polygon", "coordinates": [ [ [ 103.8204436, 1.2535751 ], [ 103.8204191, 1.2535408 ], [ 103.8203508, 1.2535896 ], [ 103.8203752, 1.2536239 ], [ 103.8204169, 1.2535941 ], [ 103.8204436, 1.2535751 ] ] ] } },
{ "type": "Feature", "properties": { "element": "way", "id": 163502438, "name": "Koufu", "building": "yes" }, "geometry": { "type": "Polygon", "coordinates": [ [ [ 103.8213508, 1.2500719 ], [ 103.8214243, 1.250085 ], [ 103.8214685, 1.2498382 ], [ 103.821395, 1.249825 ], [ 103.8213508, 1.2500719 ] ] ] } },
{ "type": "Feature", "properties": { "element": "way", "id": 163502439, "name": null, "building": "yes" }, "geometry": { "type": "Polygon", "coordinates": [ [ [ 103.8217049, 1.2498043 ], [ 103.8218734, 1.2496876 ], [ 103.821833, 1.2496293 ], [ 103.8217218, 1.2497063 ], [ 103.8216645, 1.249746 ], [ 103.8217049, 1.2498043 ] ] ] } },
{ "type": "Feature", "properties": { "element": "way", "id": 163502441, "name": null, "building": "roof" }, "geometry": { "type": "Polygon", "coordinates": [ [ [ 103.8230461, 1.2526936 ], [ 103.8230496, 1.2527345 ], [ 103.8229596, 1.2527422 ], [ 103.8229561, 1.2527013 ], [ 103.8230461, 1.2526936 ] ] ] } },
{ "type": "Feature", "properties": { "element": "way", "id": 163502443, "name": null, "building": "yes" }, "geometry": { "type": "Polygon", "coordinates": [ [ [ 103.8202441, 1.2531802 ], [ 103.8203922, 1.2532756 ], [ 103.8201758, 1.2536113 ], [ 103.8200277, 1.2535158 ], [ 103.8202441, 1.2531802 ] ] ] } },
{ "type": "Feature", "properties": { "element": "way", "id": 163502444, "name": null, "building": "roof" }, "geometry": { "type": "Polygon", "coordinates": [ [ [ 103.8211814, 1.2532666 ], [ 103.8212109, 1.2533064 ], [ 103.8211375, 1.2533609 ], [ 103.821108, 1.2533212 ], [ 103.8211814, 1.2532666 ] ] ] } },
{ "type": "Feature", "properties": { "element": "way", "id": 163502445, "name": "Palawan Amphitheatre", "building": "yes" }, "geometry": { "type": "Polygon", "coordinates": [ [ [ 103.8209661, 1.2505797 ], [ 103.8209342, 1.2506349 ], [ 103.820947, 1.250661 ], [ 103.8210341, 1.2506953 ], [ 103.8211192, 1.2506307 ], [ 103.8211107, 1.2505627 ], [ 103.8209661, 1.2505797 ] ] ] } },
{ "type": "Feature", "properties": { "element": "way", "id": 163502446, "name": null, "building": "yes" }, "geometry": { "type": "Polygon", "coordinates": [ [ [ 103.8215662, 1.2502413 ], [ 103.82162, 1.2503185 ], [ 103.8215286, 1.2503822 ], [ 103.8214668, 1.2502936 ], [ 103.8215362, 1.2502453 ], [ 103.8215441, 1.2502567 ], [ 103.8215662, 1.2502413 ] ] ] } },
{ "type": "Feature", "properties": { "element": "way", "id": 163502451, "name": null, "building": "yes" }, "geometry": { "type": "Polygon", "coordinates": [ [ [ 103.8209095, 1.2503287 ], [ 103.8209764, 1.2503322 ], [ 103.8209797, 1.2502693 ], [ 103.8210671, 1.2502738 ], [ 103.8210748, 1.250126 ], [ 103.8209043, 1.2501171 ], [ 103.8208967, 1.2502625 ], [ 103.820913, 1.2502633 ], [ 103.8209095, 1.2503287 ] ] ] } },
{ "type": "Feature", "properties": { "element": "way", "id": 163502452, "name": null, "building": "yes" }, "geometry": { "type": "Polygon", "coordinates": [ [ [ 103.8211458, 1.2504283 ], [ 103.8212155, 1.2504272 ], [ 103.8212161, 1.2504646 ], [ 103.8212825, 1.2504635 ], [ 103.8212836, 1.250534 ], [ 103.8211335, 1.2505363 ], [ 103.8211325, 1.2504664 ], [ 103.8211463, 1.2504662 ], [ 103.8211458, 1.2504283 ] ] ] } },
{ "type": "Feature", "properties": { "element": "way", "id": 163502453, "name": null, "building": "yes" }, "geometry": { "type": "Polygon", "coordinates": [ [ [ 103.8215267, 1.2497659 ], [ 103.8215344, 1.2497602 ], [ 103.8215992, 1.2497695 ], [ 103.8216099, 1.2497838 ], [ 103.821636, 1.2498187 ], [ 103.8216267, 1.2498835 ], [ 103.8215774, 1.2499203 ], [ 103.8215126, 1.2499109 ], [ 103.8214759, 1.2498617 ], [ 103.8214852, 1.2497969 ], [ 103.8215267, 1.2497659 ] ] ] } },
{ "type": "Feature", "properties": { "element": "way", "id": 163502454, "name": null, "building": "yes" }, "geometry": { "type": "Polygon", "coordinates": [ [ [ 103.8213954, 1.2504966 ], [ 103.8215215, 1.2504099 ], [ 103.8214796, 1.2503489 ], [ 103.8214703, 1.2503553 ], [ 103.8214503, 1.2503262 ], [ 103.8213916, 1.2503665 ], [ 103.8214149, 1.2504004 ], [ 103.8213567, 1.2504404 ], [ 103.8213954, 1.2504966 ] ] ] } },
{ "type": "Feature", "properties": { "element": "way", "id": 163502455, "name": null, "building": "yes" }, "geometry": { "type": "Polygon", "coordinates": [ [ [ 103.8207266, 1.2502981 ], [ 103.820759, 1.250277 ], [ 103.8207639, 1.2503105 ], [ 103.8208968, 1.2502858 ], [ 103.8208801, 1.2501866 ], [ 103.8207496, 1.2502075 ], [ 103.8207547, 1.2502506 ], [ 103.8207169, 1.2502829 ], [ 103.8207266, 1.2502981 ] ] ] } },
{ "type": "Feature", "properties": { "element": "way", "id": 165365230, "name": null, "building": "yes" }, "geometry": { "type": "Polygon", "coordinates": [ [ [ 103.821781, 1.2587901 ], [ 103.8221011, 1.258602 ], [ 103.8220088, 1.258445 ], [ 103.8216887, 1.2586331 ], [ 103.821781, 1.2587901 ] ] ] } },
{ "type": "Feature", "properties": { "element": "way", "id": 166433671, "name": null, "building": "retail" }, "geometry": { "type": "Polygon", "coordinates": [ [ [ 103.82047, 1.2569678 ], [ 103.8204371, 1.2568747 ], [ 103.8204123, 1.2567728 ], [ 103.8204132, 1.2566764 ], [ 103.8204159, 1.2565772 ], [ 103.8204149, 1.2564908 ], [ 103.8203076, 1.256464 ], [ 103.8202956, 1.2565859 ], [ 103.8202916, 1.2566892 ], [ 103.8203063, 1.2567944 ], [ 103.8203278, 1.2569117 ], [ 103.8203579, 1.257027 ], [ 103.82047, 1.2569678 ] ] ] } },
{ "type": "Feature", "properties": { "element": "way", "id": 166442655, "name": null, "building": "yes" }, "geometry": { "type": "Polygon", "coordinates": [ [ [ 103.8178134, 1.250911 ], [ 103.8177819, 1.2508546 ], [ 103.817869, 1.2508059 ], [ 103.8179005, 1.2508623 ], [ 103.8178134, 1.250911 ] ] ] } },
{ "type": "Feature", "properties": { "element": "way", "id": 166443126, "name": null, "building": "yes" }, "geometry": { "type": "Polygon", "coordinates": [ [ [ 103.8167853, 1.2519327 ], [ 103.8168509, 1.2518972 ], [ 103.8168897, 1.2519687 ], [ 103.8169655, 1.2519276 ], [ 103.8169786, 1.2519517 ], [ 103.8169909, 1.2519743 ], [ 103.8168495, 1.252051 ], [ 103.8167853, 1.2519327 ] ] ] } },
{ "type": "Feature", "properties": { "element": "way", "id": 171984328, "name": "Singapore Oceanarium", "building": "yes" }, "geometry": { "type": "Polygon", "coordinates": [ [ [ 103.8201529, 1.2587267 ], [ 103.8200501, 1.2586808 ], [ 103.8201081, 1.2586497 ], [ 103.820125, 1.2585469 ], [ 103.8201468, 1.2584444 ], [ 103.8202102, 1.2582439 ], [ 103.8203139, 1.2580463 ], [ 103.8204715, 1.2578272 ], [ 103.8208625, 1.2580087 ], [ 103.8208231, 1.2582652 ], [ 103.8207611, 1.2584398 ], [ 103.8206909, 1.2585926 ], [ 103.8204837, 1.2588626 ], [ 103.8201529, 1.2587267 ] ] ] } },
{ "type": "Feature", "properties": { "element": "way", "id": 171984330, "name": "Hotel Ora", "building": "yes" }, "geometry": { "type": "Polygon", "coordinates": [ [ [ 103.8189648, 1.2557618 ], [ 103.8189759, 1.2557192 ], [ 103.8192071, 1.2557794 ], [ 103.8190471, 1.2563679 ], [ 103.8196955, 1.2565437 ], [ 103.8197891, 1.2565691 ], [ 103.8197266, 1.2567993 ], [ 103.8194644, 1.2567282 ], [ 103.8193812, 1.2567056 ], [ 103.8188901, 1.2565724 ], [ 103.8188499, 1.2565615 ], [ 103.8187543, 1.2565356 ], [ 103.8188113, 1.2563262 ], [ 103.8188291, 1.2562605 ], [ 103.8188491, 1.256187 ], [ 103.8189648, 1.2557618 ] ] ] } },
{ "type": "Feature", "properties": { "element": "way", "id": 171984332, "name": "Crockfords Tower", "building": "hotel" }, "geometry": { "type": "Polygon", "coordinates": [ [ [ 103.8196293, 1.2556752 ], [ 103.8195488, 1.2556885 ], [ 103.8194654, 1.2556664 ], [ 103.8194097, 1.2556234 ], [ 103.8193634, 1.2555513 ], [ 103.8193535, 1.2554691 ], [ 103.8193733, 1.2553843 ], [ 103.8194275, 1.2553178 ], [ 103.8195046, 1.2552793 ], [ 103.8195715, 1.2552719 ], [ 103.8196045, 1.2552798 ], [ 103.8196537, 1.2552915 ], [ 103.8197123, 1.255332 ], [ 103.8197528, 1.2554027 ], [ 103.8197707, 1.2554742 ], [ 103.8197543, 1.2555556 ], [ 103.8197258, 1.2556012 ], [ 103.8197058, 1.2556332 ], [ 103.8196672, 1.2556546 ], [ 103.8196293, 1.2556752 ] ] ] } },
{ "type": "Feature", "properties": { "element": "way", "id": 172008291, "name": "The Coliseum", "building": "yes" }, "geometry": { "type": "Polygon", "coordinates": [ [ [ 103.8197841, 1.2575955 ], [ 103.8195767, 1.257147 ], [ 103.8197733, 1.2570561 ], [ 103.8198561, 1.2570178 ], [ 103.8198658, 1.2570389 ], [ 103.8200635, 1.2574663 ], [ 103.8199836, 1.2575032 ], [ 103.8197841, 1.2575955 ] ] ] } },
{ "type": "Feature", "properties": { "element": "way", "id": 172008292, "name": "Festive Grand Theatre", "building": "yes" }, "geometry": { "type": "Polygon", "coordinates": [ [ [ 103.8197534, 1.2559502 ], [ 103.8197942, 1.2560298 ], [ 103.8198171, 1.2561163 ], [ 103.8198211, 1.2562057 ], [ 103.819806, 1.2562938 ], [ 103.8197724, 1.2563768 ], [ 103.819722, 1.2564507 ], [ 103.8196955, 1.2565437 ], [ 103.8190471, 1.2563679 ], [ 103.8192071, 1.2557794 ], [ 103.8192295, 1.2556931 ], [ 103.819781, 1.2558652 ], [ 103.8197534, 1.2559502 ] ] ] } },
{ "type": "Feature", "properties": { "element": "way", "id": 176839394, "name": "Accelerator", "building": "yes" }, "geometry": { "type": "Polygon", "coordinates": [ [ [ 103.8214809, 1.2537625 ], [ 103.8215078, 1.2537247 ], [ 103.8215448, 1.2537289 ], [ 103.821596, 1.2537154 ], [ 103.8216271, 1.2536894 ], [ 103.8217481, 1.2536877 ], [ 103.8217498, 1.2537381 ], [ 103.8217733, 1.2537877 ], [ 103.8218044, 1.2538289 ], [ 103.8217456, 1.2538499 ], [ 103.8216683, 1.2538515 ], [ 103.8216229, 1.2538389 ], [ 103.8216305, 1.253828 ], [ 103.8215607, 1.2538137 ], [ 103.8214935, 1.2537826 ], [ 103.8214994, 1.2537734 ], [ 103.8214809, 1.2537625 ] ] ] } },
{ "type": "Feature", "properties": { "element": "way", "id": 176839395, "name": "Battlestar Galactica", "building": "yes" }, "geometry": { "type": "Polygon", "coordinates": [ [ [ 103.8217905, 1.2533999 ], [ 103.8218697, 1.2533492 ], [ 103.8219167, 1.253319 ], [ 103.8219935, 1.2532698 ], [ 103.8219667, 1.2532272 ], [ 103.821956, 1.2532128 ], [ 103.8219601, 1.2530411 ], [ 103.821909, 1.2530374 ], [ 103.8218716, 1.2530347 ], [ 103.8218535, 1.2530057 ], [ 103.8216206, 1.2531551 ], [ 103.8216351, 1.2531783 ], [ 103.8216183, 1.2532141 ], [ 103.821592, 1.2532704 ], [ 103.8217568, 1.2533475 ], [ 103.8217905, 1.2533999 ] ] ] } },
{ "type": "Feature", "properties": { "element": "way", "id": 176839400, "name": "Bora Bora Beach Bar", "building": "yes" }, "geometry": { "type": "Polygon", "coordinates": [ [ [ 103.8217742, 1.2493309 ], [ 103.821801, 1.2493729 ], [ 103.821823, 1.2494073 ], [ 103.8218621, 1.2493824 ], [ 103.821873, 1.2493994 ], [ 103.8219547, 1.2493472 ], [ 103.8218887, 1.2492439 ], [ 103.8218056, 1.249297 ], [ 103.8218119, 1.2493068 ], [ 103.8217742, 1.2493309 ] ] ] } },
{ "type": "Feature", "properties": { "element": "way", "id": 176839401, "name": "Canopy Flyer", "building": "yes" }, "geometry": { "type": "Polygon", "coordinates": [ [ [ 103.8241992, 1.2538332 ], [ 103.8241908, 1.2538153 ], [ 103.8241318, 1.2538431 ], [ 103.8241626, 1.2539085 ], [ 103.8241711, 1.2539045 ], [ 103.8241905, 1.2539457 ], [ 103.8242305, 1.2539269 ], [ 103.8242454, 1.2539585 ], [ 103.8242652, 1.2540006 ], [ 103.824459, 1.2539093 ], [ 103.8244351, 1.2538585 ], [ 103.8243825, 1.2537469 ], [ 103.8241992, 1.2538332 ] ] ] } },
{ "type": "Feature", "properties": { "element": "way", "id": 176839403, "name": "Discovery Food Court", "building": "yes" }, "geometry": { "type": "Polygon", "coordinates": [ [ [ 103.8232887, 1.2541937 ], [ 103.8233004, 1.2541173 ], [ 103.8233298, 1.2540542 ], [ 103.8234038, 1.2539879 ], [ 103.8235072, 1.2539501 ], [ 103.8235139, 1.2540156 ], [ 103.8235346, 1.2540765 ], [ 103.8235731, 1.254137 ], [ 103.823613, 1.2541878 ], [ 103.8236819, 1.2542324 ], [ 103.8237399, 1.2542483 ], [ 103.8237055, 1.2543248 ], [ 103.8236458, 1.2543844 ], [ 103.8235668, 1.2544189 ], [ 103.8234509, 1.2544029 ], [ 103.8234509, 1.2543533 ], [ 103.823434, 1.254313 ], [ 103.8234013, 1.254266 ], [ 103.8233534, 1.2542172 ], [ 103.8232887, 1.2541937 ] ] ] } },
{ "type": "Feature", "properties": { "element": "way", "id": 176839409, "name": "Enchanted Airways", "building": "yes" }, "geometry": { "type": "Polygon", "coordinates": [ [ [ 103.8235503, 1.2550343 ], [ 103.823504, 1.2549984 ], [ 103.823497, 1.254911 ], [ 103.8235719, 1.2548207 ], [ 103.8235279, 1.2547857 ], [ 103.8234851, 1.2548332 ], [ 103.8234734, 1.2548297 ], [ 103.823437, 1.2548189 ], [ 103.8234251, 1.2548558 ], [ 103.8234459, 1.2548635 ], [ 103.8234233, 1.2549443 ], [ 103.8234002, 1.2549395 ], [ 103.8233883, 1.254993 ], [ 103.8234194, 1.255 ], [ 103.8234315, 1.2550027 ], [ 103.82352, 1.2550727 ], [ 103.8235503, 1.2550343 ] ] ] } },
{ "type": "Feature", "properties": { "element": "way", "id": 176839413, "name": "Friar's", "building": "yes" }, "geometry": { "type": "Polygon", "coordinates": [ [ [ 103.8238326, 1.2545424 ], [ 103.8238303, 1.2545169 ], [ 103.8236673, 1.2545324 ], [ 103.8236697, 1.2546067 ], [ 103.8235847, 1.2547119 ], [ 103.8236287, 1.2547445 ], [ 103.8237065, 1.2546566 ], [ 103.8237903, 1.2546501 ], [ 103.8237814, 1.2545479 ], [ 103.8238326, 1.2545424 ] ] ] } },
{ "type": "Feature", "properties": { "element": "way", "id": 176839416, "name": "Gloria's Snack Shack", "building": "yes" }, "geometry": { "type": "Polygon", "coordinates": [ [ [ 103.8224571, 1.2554054 ], [ 103.8226713, 1.2553458 ], [ 103.8227142, 1.2554853 ], [ 103.8225302, 1.2555617 ], [ 103.8224705, 1.2555516 ], [ 103.8224234, 1.2555281 ], [ 103.8223974, 1.2554928 ], [ 103.8223999, 1.2554668 ], [ 103.8224041, 1.2554391 ], [ 103.8224571, 1.2554054 ] ] ] } },
{ "type": "Feature", "properties": { "element": "way", "id": 176839425, "name": "Goldilocks", "building": "yes" }, "geometry": { "type": "Polygon", "coordinates": [ [ [ 103.8239022, 1.2545103 ], [ 103.8242562, 1.2544766 ], [ 103.8242526, 1.2544 ], [ 103.8243388, 1.2543899 ], [ 103.8243554, 1.2545865 ], [ 103.8242744, 1.2545949 ], [ 103.8239436, 1.2546293 ], [ 103.8239276, 1.2546168 ], [ 103.8239276, 1.254533 ], [ 103.8239045, 1.2545357 ], [ 103.8239022, 1.2545103 ] ] ] } },
{ "type": "Feature", "properties": { "element": "way", "id": 176839428, "name": "Jurassic Park Rapids Adventure", "building": "yes" }, "geometry": { "type": "Polygon", "coordinates": [ [ [ 103.8237616, 1.2535193 ], [ 103.8237518, 1.2535106 ], [ 103.8237297, 1.2535342 ], [ 103.8236001, 1.2534129 ], [ 103.8237187, 1.2532862 ], [ 103.823747, 1.2533127 ], [ 103.8237995, 1.2532566 ], [ 103.823695, 1.2531588 ], [ 103.8237671, 1.2530818 ], [ 103.8238532, 1.2529899 ], [ 103.8241419, 1.2532601 ], [ 103.8241036, 1.253301 ], [ 103.8241194, 1.2533159 ], [ 103.8240777, 1.2533605 ], [ 103.8240355, 1.2534056 ], [ 103.8240114, 1.2533831 ], [ 103.82397, 1.2534273 ], [ 103.8239082, 1.2533694 ], [ 103.8238635, 1.2534172 ], [ 103.8238506, 1.2534052 ], [ 103.8237963, 1.2534632 ], [ 103.8238055, 1.2534722 ], [ 103.8237909, 1.253482 ], [ 103.8237733, 1.2535 ], [ 103.8237616, 1.2535193 ] ] ] } },
{ "type": "Feature", "properties": { "element": "way", "id": 176839430, "name": "KT's Grill", "building": "yes" }, "geometry": { "type": "Polygon", "coordinates": [ [ [ 103.8219112, 1.2550977 ], [ 103.822026, 1.2549916 ], [ 103.822057, 1.2550246 ], [ 103.8221328, 1.2549546 ], [ 103.8221498, 1.2547874 ], [ 103.8219317, 1.2547747 ], [ 103.8217588, 1.2549346 ], [ 103.8217998, 1.2549856 ], [ 103.821785, 1.2550038 ], [ 103.821807, 1.2550276 ], [ 103.8218282, 1.255008 ], [ 103.8219112, 1.2550977 ] ] ] } },
{ "type": "Feature", "properties": { "element": "way", "id": 176839432, "name": "King Julien's Beach Party-Go-Round", "building": "yes" }, "geometry": { "type": "Polygon", "coordinates": [ [ [ 103.8229739, 1.255274 ], [ 103.8230114, 1.2552661 ], [ 103.823043, 1.2552444 ], [ 103.8230639, 1.2552123 ], [ 103.8230709, 1.2551746 ], [ 103.823063, 1.2551371 ], [ 103.8230413, 1.2551055 ], [ 103.8230091, 1.2550846 ], [ 103.8229715, 1.2550776 ], [ 103.822934, 1.2550856 ], [ 103.8229023, 1.2551072 ], [ 103.8228814, 1.2551394 ], [ 103.8228744, 1.255177 ], [ 103.8228824, 1.2552145 ], [ 103.8229041, 1.2552461 ], [ 103.8229362, 1.255267 ], [ 103.8229739, 1.255274 ] ] ] } },
{ "type": "Feature", "properties": { "element": "way", "id": 176839441, "name": "Lights! Camera! Action!", "building": "yes" }, "geometry": { "type": "Polygon", "coordinates": [ [ [ 103.8217134, 1.2548812 ], [ 103.8217717, 1.2548302 ], [ 103.8217408, 1.2548005 ], [ 103.8220632, 1.2545219 ], [ 103.8219422, 1.2543858 ], [ 103.8219775, 1.2543598 ], [ 103.8218338, 1.2541876 ], [ 103.8215803, 1.2544017 ], [ 103.8215442, 1.2544343 ], [ 103.8215058, 1.2544691 ], [ 103.8215053, 1.2546282 ], [ 103.8217134, 1.2548812 ] ] ] } },
{ "type": "Feature", "properties": { "element": "way", "id": 176839444, "name": "Mel's Drive-in", "building": "yes" }, "geometry": { "type": "Polygon", "coordinates": [ [ [ 103.8221932, 1.2551696 ], [ 103.8222067, 1.255212 ], [ 103.8221952, 1.2552549 ], [ 103.8221623, 1.2552848 ], [ 103.8221185, 1.2552922 ], [ 103.8220777, 1.2552748 ], [ 103.8219112, 1.2550977 ], [ 103.822026, 1.2549916 ], [ 103.822057, 1.2550246 ], [ 103.8221932, 1.2551696 ] ] ] } },
{ "type": "Feature", "properties": { "element": "way", "id": 176839446, "name": "Mövenpick of Switzerland", "building": "yes" }, "geometry": { "type": "Polygon", "coordinates": [ [ [ 103.8217742, 1.2493309 ], [ 103.8217328, 1.2493573 ], [ 103.8217597, 1.2493993 ], [ 103.821801, 1.2493729 ], [ 103.8217742, 1.2493309 ] ] ] } },
{ "type": "Feature", "properties": { "element": "way", "id": 176839457, "name": "Samundar Indian Fusion Crusine & Bar", "building": "yes" }, "geometry": { "type": "Polygon", "coordinates": [ [ [ 103.8215267, 1.2497659 ], [ 103.8214988, 1.249726 ], [ 103.8216562, 1.2496133 ], [ 103.8217218, 1.2497063 ], [ 103.8216645, 1.249746 ], [ 103.8216099, 1.2497838 ], [ 103.8215992, 1.2497695 ], [ 103.8215344, 1.2497602 ], [ 103.8215267, 1.2497659 ] ] ] } },
{ "type": "Feature", "properties": { "element": "way", "id": 176839461, "name": "Siloso Beach Resort", "building": "yes" }, "geometry": { "type": "Polygon", "coordinates": [ [ [ 103.8152068, 1.2544868 ], [ 103.8152978, 1.2544937 ], [ 103.8153042, 1.2544089 ], [ 103.8149459, 1.2543811 ], [ 103.8143029, 1.25492 ], [ 103.8143596, 1.254988 ], [ 103.8143713, 1.2549783 ], [ 103.8145045, 1.2551279 ], [ 103.8146302, 1.2550161 ], [ 103.8145008, 1.2548706 ], [ 103.8149823, 1.2544699 ], [ 103.8151726, 1.2544843 ], [ 103.8151702, 1.2545205 ], [ 103.8151231, 1.2545172 ], [ 103.8151203, 1.2545566 ], [ 103.8152289, 1.2545642 ], [ 103.8152317, 1.2545248 ], [ 103.8152044, 1.2545229 ], [ 103.8152068, 1.2544868 ] ] ] } },
{ "type": "Feature", "properties": { "element": "way", "id": 176839464, "name": "SkyHelix Sentosa", "building": "yes" }, "geometry": { "type": "Polygon", "coordinates": [ [ [ 103.8175571, 1.2549498 ], [ 103.8175585, 1.2549714 ], [ 103.817568, 1.2549908 ], [ 103.8175842, 1.255005 ], [ 103.8176047, 1.255012 ], [ 103.8176262, 1.2550106 ], [ 103.8176456, 1.2550011 ], [ 103.8176599, 1.2549849 ], [ 103.8176668, 1.2549645 ], [ 103.8176655, 1.254943 ], [ 103.817656, 1.2549236 ], [ 103.8176398, 1.2549093 ], [ 103.8176193, 1.2549023 ], [ 103.8175978, 1.2549037 ], [ 103.8175784, 1.2549132 ], [ 103.8175641, 1.2549294 ], [ 103.8175571, 1.2549498 ] ] ] } },
{ "type": "Feature", "properties": { "element": "way", "id": 176839474, "name": "Treasure Hunters", "building": "yes" }, "geometry": { "type": "Polygon", "coordinates": [ [ [ 103.8230182, 1.2539556 ], [ 103.8230844, 1.2540015 ], [ 103.8231284, 1.2540319 ], [ 103.8232085, 1.2539163 ], [ 103.8231664, 1.2538872 ], [ 103.8230983, 1.25384 ], [ 103.8230182, 1.2539556 ] ] ] } },
{ "type": "Feature", "properties": { "element": "way", "id": 176839485, "name": null, "building": "yes" }, "geometry": { "type": "Polygon", "coordinates": [ [ [ 103.8220626, 1.2562359 ], [ 103.821955, 1.2563379 ], [ 103.8219564, 1.2563673 ], [ 103.8218639, 1.2564381 ], [ 103.821839, 1.2563904 ], [ 103.8218171, 1.2563647 ], [ 103.8221913, 1.256042 ], [ 103.8222261, 1.256012 ], [ 103.822249, 1.2559741 ], [ 103.8222667, 1.2559377 ], [ 103.8223854, 1.2556943 ], [ 103.822591, 1.2558004 ], [ 103.822586, 1.2557481 ], [ 103.8226936, 1.255733 ], [ 103.8228098, 1.2557678 ], [ 103.8230159, 1.2559433 ], [ 103.8229975, 1.2560306 ], [ 103.8225211, 1.2565034 ], [ 103.8223132, 1.2565004 ], [ 103.8220626, 1.2562359 ] ] ] } },
{ "type": "Feature", "properties": { "element": "way", "id": 176839487, "name": null, "building": "yes" }, "geometry": { "type": "Polygon", "coordinates": [ [ [ 103.822478, 1.252912 ], [ 103.8223721, 1.2529113 ], [ 103.822372, 1.2529327 ], [ 103.8223123, 1.2529323 ], [ 103.8223117, 1.2530266 ], [ 103.8224025, 1.2530272 ], [ 103.8224024, 1.2530474 ], [ 103.8224957, 1.253048 ], [ 103.8224961, 1.2529902 ], [ 103.8224775, 1.25299 ], [ 103.822478, 1.252912 ] ] ] } },
{ "type": "Feature", "properties": { "element": "way", "id": 176839493, "name": null, "building": "yes" }, "geometry": { "type": "Polygon", "coordinates": [ [ [ 103.8222125, 1.2533568 ], [ 103.822214, 1.2532948 ], [ 103.8221542, 1.2532139 ], [ 103.8221259, 1.2532348 ], [ 103.8221802, 1.2533083 ], [ 103.8221759, 1.2534911 ], [ 103.8222093, 1.2534919 ], [ 103.8222094, 1.2534908 ], [ 103.822274, 1.2534923 ], [ 103.822277, 1.2533583 ], [ 103.8222125, 1.2533568 ] ] ] } },
{ "type": "Feature", "properties": { "element": "way", "id": 176839495, "name": null, "building": "yes" }, "geometry": { "type": "Polygon", "coordinates": [ [ [ 103.8226958, 1.2533473 ], [ 103.8226272, 1.2533449 ], [ 103.822582, 1.2535005 ], [ 103.8227906, 1.2535589 ], [ 103.8227813, 1.2535908 ], [ 103.8230023, 1.2536564 ], [ 103.8230175, 1.2536102 ], [ 103.8231771, 1.2536572 ], [ 103.8232158, 1.2535203 ], [ 103.8235645, 1.2535236 ], [ 103.8235626, 1.2534604 ], [ 103.8226962, 1.2534633 ], [ 103.8226958, 1.2533473 ] ] ] } },
{ "type": "Feature", "properties": { "element": "way", "id": 176839496, "name": null, "building": "yes" }, "geometry": { "type": "Polygon", "coordinates": [ [ [ 103.8239314, 1.2526428 ], [ 103.8239614, 1.2526985 ], [ 103.8239799, 1.2526885 ], [ 103.8239582, 1.2527623 ], [ 103.8239497, 1.2527595 ], [ 103.8239289, 1.2528237 ], [ 103.8239903, 1.2528436 ], [ 103.8240111, 1.2527794 ], [ 103.8239677, 1.2527654 ], [ 103.8239922, 1.2526819 ], [ 103.8240166, 1.2526688 ], [ 103.8239867, 1.2526131 ], [ 103.8239314, 1.2526428 ] ] ] } },
{ "type": "Feature", "properties": { "element": "way", "id": 176839497, "name": null, "building": "yes" }, "geometry": { "type": "Polygon", "coordinates": [ [ [ 103.8132908, 1.2547118 ], [ 103.8132751, 1.2547582 ], [ 103.8133371, 1.2547792 ], [ 103.8133523, 1.2547342 ], [ 103.8134096, 1.2547535 ], [ 103.813446, 1.2546459 ], [ 103.8133861, 1.2546256 ], [ 103.8134015, 1.2545802 ], [ 103.8133395, 1.2545592 ], [ 103.8133246, 1.2546032 ], [ 103.8133101, 1.2545983 ], [ 103.8132737, 1.254706 ], [ 103.8132908, 1.2547118 ] ] ] } },
{ "type": "Feature", "properties": { "element": "way", "id": 176839504, "name": null, "building": "roof" }, "geometry": { "type": "Polygon", "coordinates": [ [ [ 103.821839, 1.2563904 ], [ 103.8218171, 1.2563647 ], [ 103.8221913, 1.256042 ], [ 103.8222261, 1.256012 ], [ 103.822249, 1.2559741 ], [ 103.8222667, 1.2559377 ], [ 103.8223854, 1.2556943 ], [ 103.8224347, 1.2556009 ], [ 103.822449, 1.2555639 ], [ 103.8224302, 1.2555381 ], [ 103.8223987, 1.2555073 ], [ 103.8223578, 1.2554778 ], [ 103.8223008, 1.2554483 ], [ 103.8222659, 1.2554329 ], [ 103.8222022, 1.2554141 ], [ 103.8221431, 1.2554056 ], [ 103.8221204, 1.2554521 ], [ 103.8220895, 1.2555164 ], [ 103.82196, 1.2557742 ], [ 103.8215877, 1.2560956 ], [ 103.821562, 1.2560654 ], [ 103.821515, 1.2561054 ], [ 103.8214806, 1.2561347 ], [ 103.8214534, 1.2561579 ], [ 103.8213931, 1.2562093 ], [ 103.8214191, 1.2562398 ], [ 103.8214506, 1.2562768 ], [ 103.8215041, 1.2563395 ], [ 103.8215192, 1.2563572 ], [ 103.8215729, 1.2564202 ], [ 103.8216017, 1.2564541 ], [ 103.8216241, 1.2564803 ], [ 103.8216701, 1.2565342 ], [ 103.821839, 1.2563904 ] ] ] } },
{ "type": "Feature", "properties": { "element": "way", "id": 176839506, "name": null, "building": "yes" }, "geometry": { "type": "Polygon", "coordinates": [ [ [ 103.8247113, 1.2528894 ], [ 103.8247266, 1.2528603 ], [ 103.824699, 1.2528458 ], [ 103.8246538, 1.252822 ], [ 103.8246214, 1.2528049 ], [ 103.8246081, 1.25283 ], [ 103.8245679, 1.2528088 ], [ 103.8245186, 1.2529024 ], [ 103.824562, 1.2529253 ], [ 103.8245075, 1.2530286 ], [ 103.8245628, 1.2530577 ], [ 103.8246127, 1.253084 ], [ 103.824665, 1.2529846 ], [ 103.8246922, 1.2529989 ], [ 103.8247415, 1.2529053 ], [ 103.8247113, 1.2528894 ] ] ] } },
{ "type": "Feature", "properties": { "element": "way", "id": 176839507, "name": null, "building": "roof" }, "geometry": { "type": "Polygon", "coordinates": [ [ [ 103.8211262, 1.2547089 ], [ 103.8210864, 1.2546679 ], [ 103.821035, 1.254607 ], [ 103.8209698, 1.2545342 ], [ 103.8210513, 1.2544614 ], [ 103.8212291, 1.2543022 ], [ 103.8212995, 1.2542393 ], [ 103.8213724, 1.2543218 ], [ 103.8214108, 1.254287 ], [ 103.8214469, 1.2542543 ], [ 103.8215803, 1.2544017 ], [ 103.8215442, 1.2544343 ], [ 103.8215058, 1.2544691 ], [ 103.8215053, 1.2546282 ], [ 103.8217134, 1.2548812 ], [ 103.8217355, 1.2549066 ], [ 103.8217588, 1.2549346 ], [ 103.8217998, 1.2549856 ], [ 103.821785, 1.2550038 ], [ 103.8216966, 1.2550742 ], [ 103.8216551, 1.2551068 ], [ 103.8216212, 1.2551359 ], [ 103.821323, 1.2547825 ], [ 103.8212466, 1.2548435 ], [ 103.8211664, 1.2547538 ], [ 103.8211262, 1.2547089 ] ] ] } },
{ "type": "Feature", "properties": { "element": "way", "id": 176839512, "name": "A Crate Adventure", "building": "yes" }, "geometry": { "type": "Polygon", "coordinates": [ [ [ 103.8230978, 1.255992 ], [ 103.8228146, 1.2557543 ], [ 103.8228096, 1.2557022 ], [ 103.8228625, 1.25564 ], [ 103.8229054, 1.2556257 ], [ 103.8230004, 1.2556408 ], [ 103.8229987, 1.2556299 ], [ 103.8229348, 1.2556198 ], [ 103.8229146, 1.2556039 ], [ 103.8229373, 1.25554 ], [ 103.8230869, 1.2555316 ], [ 103.8231701, 1.255456 ], [ 103.823197, 1.2554821 ], [ 103.8232567, 1.2554233 ], [ 103.8233499, 1.2555426 ], [ 103.8233348, 1.2555568 ], [ 103.8234104, 1.2556745 ], [ 103.8234113, 1.2557576 ], [ 103.8230978, 1.255992 ] ] ] } },
{ "type": "Feature", "properties": { "element": "way", "id": 176839513, "name": null, "building": "yes" }, "geometry": { "type": "Polygon", "coordinates": [ [ [ 103.8224078, 1.2538848 ], [ 103.8224758, 1.2539039 ], [ 103.8224702, 1.2539241 ], [ 103.8225109, 1.2539356 ], [ 103.8225004, 1.2539727 ], [ 103.8225637, 1.2539905 ], [ 103.822557, 1.2540142 ], [ 103.8226806, 1.254049 ], [ 103.8226982, 1.2539866 ], [ 103.822673, 1.2539795 ], [ 103.8227253, 1.253794 ], [ 103.8226699, 1.2537784 ], [ 103.8226798, 1.2537432 ], [ 103.8225264, 1.2537001 ], [ 103.8225167, 1.2537346 ], [ 103.8224911, 1.2537274 ], [ 103.8224813, 1.2537622 ], [ 103.8224228, 1.2537458 ], [ 103.8224001, 1.2538263 ], [ 103.8224225, 1.2538326 ], [ 103.8224078, 1.2538848 ] ] ] } },
{ "type": "Feature", "properties": { "element": "way", "id": 176839514, "name": null, "building": "yes" }, "geometry": { "type": "Polygon", "coordinates": [ [ [ 103.8175062, 1.2585046 ], [ 103.8178007, 1.2580588 ], [ 103.8180877, 1.2582532 ], [ 103.8180716, 1.258272 ], [ 103.8180971, 1.2582894 ], [ 103.8180569, 1.2583752 ], [ 103.8180998, 1.258406 ], [ 103.8180555, 1.2584892 ], [ 103.8180991, 1.2585227 ], [ 103.8181253, 1.2585596 ], [ 103.8179972, 1.2586239 ], [ 103.8179626, 1.2586882 ], [ 103.817908, 1.2587895 ], [ 103.817853, 1.2587902 ], [ 103.8178242, 1.2588451 ], [ 103.8177008, 1.2588579 ], [ 103.8176532, 1.2589263 ], [ 103.8176123, 1.2589001 ], [ 103.8175955, 1.2589263 ], [ 103.8173224, 1.2587448 ], [ 103.8173111, 1.2586827 ], [ 103.8174495, 1.2584685 ], [ 103.8175062, 1.2585046 ] ] ] } },
{ "type": "Feature", "properties": { "element": "way", "id": 176839520, "name": null, "building": "yes" }, "geometry": { "type": "Polygon", "coordinates": [ [ [ 103.8198573, 1.2568476 ], [ 103.8198237, 1.2567729 ], [ 103.8197584, 1.2568022 ], [ 103.819792, 1.256877 ], [ 103.8198573, 1.2568476 ] ] ] } },
{ "type": "Feature", "properties": { "element": "way", "id": 176839522, "name": null, "building": "yes" }, "geometry": { "type": "Polygon", "coordinates": [ [ [ 103.8236123, 1.2550832 ], [ 103.8235503, 1.2550343 ], [ 103.82352, 1.2550727 ], [ 103.823582, 1.2551216 ], [ 103.8236123, 1.2550832 ] ] ] } },
{ "type": "Feature", "properties": { "element": "way", "id": 176839527, "name": null, "building": "yes" }, "geometry": { "type": "Polygon", "coordinates": [ [ [ 103.8213874, 1.2535215 ], [ 103.8213321, 1.253571 ], [ 103.8214201, 1.253669 ], [ 103.8214753, 1.2536195 ], [ 103.8213874, 1.2535215 ] ] ] } },
{ "type": "Feature", "properties": { "element": "way", "id": 176839528, "name": null, "building": "yes" }, "geometry": { "type": "Polygon", "coordinates": [ [ [ 103.8201247, 1.257851 ], [ 103.8202352, 1.2578011 ], [ 103.8201982, 1.2577192 ], [ 103.8200877, 1.2577691 ], [ 103.8201247, 1.257851 ] ] ] } },
{ "type": "Feature", "properties": { "element": "way", "id": 176839529, "name": null, "building": "yes" }, "geometry": { "type": "Polygon", "coordinates": [ [ [ 103.8228138, 1.2540761 ], [ 103.822951, 1.2541142 ], [ 103.8229759, 1.2540243 ], [ 103.8228388, 1.2539863 ], [ 103.8228138, 1.2540761 ] ] ] } },
{ "type": "Feature", "properties": { "element": "way", "id": 176839530, "name": null, "building": "yes" }, "geometry": { "type": "Polygon", "coordinates": [ [ [ 103.8237127, 1.2536973 ], [ 103.8236682, 1.2537427 ], [ 103.8237812, 1.2538532 ], [ 103.8238256, 1.2538078 ], [ 103.8237127, 1.2536973 ] ] ] } },
{ "type": "Feature", "properties": { "element": "way", "id": 176839531, "name": null, "building": "yes" }, "geometry": { "type": "Polygon", "coordinates": [ [ [ 103.8212751, 1.2534537 ], [ 103.821328, 1.2535131 ], [ 103.8214421, 1.2534115 ], [ 103.8213892, 1.2533522 ], [ 103.8212751, 1.2534537 ] ] ] } },
{ "type": "Feature", "properties": { "element": "way", "id": 176839532, "name": null, "building": "yes" }, "geometry": { "type": "Polygon", "coordinates": [ [ [ 103.8239022, 1.2545103 ], [ 103.8239045, 1.2545357 ], [ 103.8238326, 1.2545424 ], [ 103.8238303, 1.2545169 ], [ 103.8239022, 1.2545103 ] ] ] } },
{ "type": "Feature", "properties": { "element": "way", "id": 176839537, "name": null, "building": "yes" }, "geometry": { "type": "Polygon", "coordinates": [ [ [ 103.8202471, 1.2576942 ], [ 103.8202257, 1.2576359 ], [ 103.8201677, 1.2576572 ], [ 103.8201891, 1.2577155 ], [ 103.8202471, 1.2576942 ] ] ] } },
{ "type": "Feature", "properties": { "element": "way", "id": 176839538, "name": null, "building": "yes" }, "geometry": { "type": "Polygon", "coordinates": [ [ [ 103.8229845, 1.2539459 ], [ 103.8230205, 1.2538163 ], [ 103.8229229, 1.2537892 ], [ 103.822887, 1.2539188 ], [ 103.8229845, 1.2539459 ] ] ] } },
{ "type": "Feature", "properties": { "element": "way", "id": 176839541, "name": null, "building": "yes" }, "geometry": { "type": "Polygon", "coordinates": [ [ [ 103.8199345, 1.2579389 ], [ 103.8200344, 1.2578938 ], [ 103.8199984, 1.2578143 ], [ 103.8198986, 1.2578594 ], [ 103.8199345, 1.2579389 ] ] ] } },
{ "type": "Feature", "properties": { "element": "way", "id": 176839547, "name": null, "building": "yes" }, "geometry": { "type": "Polygon", "coordinates": [ [ [ 103.8221192, 1.2529104 ], [ 103.8221234, 1.2529925 ], [ 103.8222713, 1.2529849 ], [ 103.8222671, 1.2529028 ], [ 103.8221192, 1.2529104 ] ] ] } },
{ "type": "Feature", "properties": { "element": "way", "id": 176839548, "name": null, "building": "yes" }, "geometry": { "type": "Polygon", "coordinates": [ [ [ 103.8243597, 1.2523107 ], [ 103.824397, 1.2523542 ], [ 103.8244427, 1.252315 ], [ 103.8244054, 1.2522715 ], [ 103.8243597, 1.2523107 ] ] ] } },
{ "type": "Feature", "properties": { "element": "way", "id": 176839551, "name": null, "building": "yes" }, "geometry": { "type": "Polygon", "coordinates": [ [ [ 103.8240961, 1.2540846 ], [ 103.8241845, 1.2540448 ], [ 103.8241287, 1.2539207 ], [ 103.8240402, 1.2539605 ], [ 103.8240961, 1.2540846 ] ] ] } },
{ "type": "Feature", "properties": { "element": "way", "id": 176839559, "name": null, "building": "yes" }, "geometry": { "type": "Polygon", "coordinates": [ [ [ 103.824699, 1.2528458 ], [ 103.8247218, 1.2527961 ], [ 103.8247268, 1.252744 ], [ 103.8247453, 1.252744 ], [ 103.824747, 1.2527129 ], [ 103.824726, 1.2527112 ], [ 103.8247201, 1.2526575 ], [ 103.8246932, 1.2526037 ], [ 103.8246402, 1.2525457 ], [ 103.8245856, 1.2525079 ], [ 103.8245747, 1.2524844 ], [ 103.8245823, 1.2524441 ], [ 103.8246125, 1.2524206 ], [ 103.824652, 1.2524239 ], [ 103.8246781, 1.2524525 ], [ 103.824768, 1.2526356 ], [ 103.8248066, 1.2526709 ], [ 103.8248755, 1.2526793 ], [ 103.8249226, 1.2527591 ], [ 103.8249839, 1.2527188 ], [ 103.8249453, 1.2526524 ], [ 103.8249722, 1.2526121 ], [ 103.8249823, 1.2525609 ], [ 103.8249713, 1.2525071 ], [ 103.8249411, 1.2524743 ], [ 103.8249272, 1.2524657 ], [ 103.824916, 1.2524876 ], [ 103.8249025, 1.2525139 ], [ 103.824923, 1.2525412 ], [ 103.8249259, 1.2525737 ], [ 103.8249083, 1.2526031 ], [ 103.8248814, 1.2526191 ], [ 103.8248427, 1.2526216 ], [ 103.8248057, 1.2525972 ], [ 103.8246982, 1.2523301 ], [ 103.8246511, 1.2523309 ], [ 103.8246007, 1.2523359 ], [ 103.8245713, 1.2523569 ], [ 103.8245847, 1.2523813 ], [ 103.8245478, 1.2524082 ], [ 103.8245251, 1.2524527 ], [ 103.8245259, 1.2525006 ], [ 103.8245486, 1.252551 ], [ 103.8246007, 1.2525829 ], [ 103.824652, 1.25263 ], [ 103.8246788, 1.2526896 ], [ 103.8246772, 1.2527577 ], [ 103.8246538, 1.252822 ], [ 103.824699, 1.2528458 ] ] ] } },
{ "type": "Feature", "properties": { "element": "way", "id": 176839561, "name": null, "building": "yes" }, "geometry": { "type": "Polygon", "coordinates": [ [ [ 103.823582, 1.2551216 ], [ 103.8236682, 1.2551899 ], [ 103.8237247, 1.2551179 ], [ 103.823663, 1.2551224 ], [ 103.8236123, 1.2550832 ], [ 103.823582, 1.2551216 ] ] ] } },
{ "type": "Feature", "properties": { "element": "way", "id": 176839562, "name": null, "building": "yes" }, "geometry": { "type": "Polygon", "coordinates": [ [ [ 103.8219667, 1.2532272 ], [ 103.822076, 1.2532306 ], [ 103.8220822, 1.2530058 ], [ 103.8219611, 1.2530024 ], [ 103.8219601, 1.2530411 ], [ 103.821956, 1.2532128 ], [ 103.8219667, 1.2532272 ] ] ] } },
{ "type": "Feature", "properties": { "element": "way", "id": 176839572, "name": null, "building": "yes" }, "geometry": { "type": "Polygon", "coordinates": [ [ [ 103.8239535, 1.2548434 ], [ 103.8239454, 1.2547688 ], [ 103.8244496, 1.2547142 ], [ 103.8244941, 1.2547528 ], [ 103.8245059, 1.2548511 ], [ 103.8242818, 1.2551165 ], [ 103.8239535, 1.2548434 ] ] ] } },
{ "type": "Feature", "properties": { "element": "way", "id": 176839573, "name": null, "building": "yes" }, "geometry": { "type": "Polygon", "coordinates": [ [ [ 103.8187231, 1.259152 ], [ 103.8187307, 1.2591282 ], [ 103.8187576, 1.2590442 ], [ 103.818826, 1.2590168 ], [ 103.8189594, 1.2590489 ], [ 103.8189514, 1.2590818 ], [ 103.818993, 1.2590925 ], [ 103.8189564, 1.2592185 ], [ 103.819003, 1.259234 ], [ 103.8189853, 1.259243 ], [ 103.8189678, 1.2592444 ], [ 103.8189403, 1.259243 ], [ 103.8189111, 1.2592345 ], [ 103.8189179, 1.2592127 ], [ 103.8187231, 1.259152 ] ] ] } },
{ "type": "Feature", "properties": { "element": "way", "id": 176839575, "name": null, "building": "yes" }, "geometry": { "type": "Polygon", "coordinates": [ [ [ 103.8230725, 1.2548444 ], [ 103.8230827, 1.2548334 ], [ 103.8230821, 1.2548184 ], [ 103.8230711, 1.2548082 ], [ 103.8230561, 1.2548087 ], [ 103.8230458, 1.2548198 ], [ 103.8230464, 1.2548348 ], [ 103.8230574, 1.254845 ], [ 103.8230725, 1.2548444 ] ] ] } },
{ "type": "Feature", "properties": { "element": "way", "id": 176839576, "name": null, "building": "yes" }, "geometry": { "type": "Polygon", "coordinates": [ [ [ 103.821971, 1.2536262 ], [ 103.8220821, 1.2535463 ], [ 103.8220699, 1.2535294 ], [ 103.8220828, 1.2535202 ], [ 103.8220553, 1.253482 ], [ 103.8219225, 1.2535774 ], [ 103.8219513, 1.2536174 ], [ 103.8219602, 1.2536111 ], [ 103.821971, 1.2536262 ] ] ] } },
{ "type": "Feature", "properties": { "element": "way", "id": 176839577, "name": null, "building": "yes" }, "geometry": { "type": "Polygon", "coordinates": [ [ [ 103.8199943, 1.2577281 ], [ 103.820032, 1.2577048 ], [ 103.8200422, 1.2576617 ], [ 103.8200189, 1.2576241 ], [ 103.8199758, 1.2576139 ], [ 103.8199381, 1.2576371 ], [ 103.8199279, 1.2576802 ], [ 103.8199512, 1.2577179 ], [ 103.8199943, 1.2577281 ] ] ] } },
{ "type": "Feature", "properties": { "element": "way", "id": 176839582, "name": null, "building": "roof" }, "geometry": { "type": "Polygon", "coordinates": [ [ [ 103.8214469, 1.2542543 ], [ 103.8214404, 1.2542348 ], [ 103.8214676, 1.2542108 ], [ 103.8216816, 1.2540264 ], [ 103.8217101, 1.2540047 ], [ 103.8218248, 1.2540404 ], [ 103.8218452, 1.2541764 ], [ 103.8218338, 1.2541876 ], [ 103.8215803, 1.2544017 ], [ 103.8214469, 1.2542543 ] ] ] } },
{ "type": "Feature", "properties": { "element": "way", "id": 176839583, "name": null, "building": "yes" }, "geometry": { "type": "Polygon", "coordinates": [ [ [ 103.8240425, 1.2541645 ], [ 103.8240682, 1.2541166 ], [ 103.8240526, 1.2540645 ], [ 103.8240047, 1.2540388 ], [ 103.8239526, 1.2540545 ], [ 103.8239268, 1.2541024 ], [ 103.8239425, 1.2541544 ], [ 103.8239904, 1.2541802 ], [ 103.8240425, 1.2541645 ] ] ] } },
{ "type": "Feature", "properties": { "element": "way", "id": 176839584, "name": null, "building": "yes" }, "geometry": { "type": "Polygon", "coordinates": [ [ [ 103.8196445, 1.2569696 ], [ 103.8196351, 1.2569901 ], [ 103.8196343, 1.2570126 ], [ 103.8196421, 1.2570337 ], [ 103.8196575, 1.2570503 ], [ 103.819678, 1.2570597 ], [ 103.8197006, 1.2570605 ], [ 103.8197217, 1.2570526 ], [ 103.8197383, 1.2570373 ], [ 103.8197477, 1.2570167 ], [ 103.8197485, 1.2569942 ], [ 103.8197406, 1.256973 ], [ 103.8197252, 1.2569565 ], [ 103.8197047, 1.2569471 ], [ 103.8196822, 1.2569463 ], [ 103.819661, 1.2569542 ], [ 103.8196445, 1.2569696 ] ] ] } },
{ "type": "Feature", "properties": { "element": "way", "id": 176839710, "name": null, "building": "yes" }, "geometry": { "type": "Polygon", "coordinates": [ [ [ 103.8234664, 1.2556771 ], [ 103.823375, 1.2555425 ], [ 103.8234117, 1.2555021 ], [ 103.8233725, 1.2554706 ], [ 103.8233778, 1.2554409 ], [ 103.8234016, 1.2554166 ], [ 103.8234372, 1.255419 ], [ 103.8234729, 1.2553744 ], [ 103.8234669, 1.2553554 ], [ 103.8235074, 1.2553019 ], [ 103.8235478, 1.255296 ], [ 103.8235882, 1.2553144 ], [ 103.8236602, 1.2552253 ], [ 103.8238931, 1.2554225 ], [ 103.8238678, 1.2554514 ], [ 103.8238897, 1.2554724 ], [ 103.8238502, 1.2555472 ], [ 103.8236165, 1.2556673 ], [ 103.8235989, 1.2556245 ], [ 103.8234664, 1.2556771 ] ] ] } },
{ "type": "Feature", "properties": { "element": "way", "id": 176839712, "name": null, "building": "roof" }, "geometry": { "type": "Polygon", "coordinates": [ [ [ 103.8236376, 1.2550313 ], [ 103.8237144, 1.2550893 ], [ 103.8237982, 1.2549785 ], [ 103.8237214, 1.2549204 ], [ 103.8236376, 1.2550313 ] ] ] } },
{ "type": "Feature", "properties": { "element": "way", "id": 176839718, "name": null, "building": "roof" }, "geometry": { "type": "Polygon", "coordinates": [ [ [ 103.82382, 1.2548071 ], [ 103.8237998, 1.2547902 ], [ 103.8237675, 1.2548287 ], [ 103.8237874, 1.2548453 ], [ 103.8237616, 1.2548761 ], [ 103.8238347, 1.2549374 ], [ 103.8239222, 1.2548331 ], [ 103.8238493, 1.2547721 ], [ 103.82382, 1.2548071 ] ] ] } },
{ "type": "Feature", "properties": { "element": "way", "id": 176907824, "name": "Marty's Casa Del Wild", "building": "yes" }, "geometry": { "type": "Polygon", "coordinates": [ [ [ 103.8234123, 1.2554142 ], [ 103.823443, 1.2554028 ], [ 103.8234566, 1.255373 ], [ 103.8234452, 1.2553423 ], [ 103.8234154, 1.2553287 ], [ 103.8233847, 1.2553401 ], [ 103.8233711, 1.2553699 ], [ 103.8233825, 1.2554006 ], [ 103.8234123, 1.2554142 ] ] ] } },
{ "type": "Feature", "properties": { "element": "way", "id": 176908042, "name": "WaterWorld", "building": "yes" }, "geometry": { "type": "Polygon", "coordinates": [ [ [ 103.8248231, 1.2535034 ], [ 103.8248581, 1.2535091 ], [ 103.8248847, 1.253533 ], [ 103.8248942, 1.2535675 ], [ 103.824886, 1.2535973 ], [ 103.8249011, 1.2536227 ], [ 103.8251184, 1.2537366 ], [ 103.82518, 1.25351 ], [ 103.8250701, 1.2534376 ], [ 103.8249977, 1.2533411 ], [ 103.8249789, 1.2532405 ], [ 103.8250003, 1.2531293 ], [ 103.8250741, 1.25303 ], [ 103.8251774, 1.2529764 ], [ 103.8253101, 1.2529764 ], [ 103.825353, 1.2527431 ], [ 103.8251143, 1.2527458 ], [ 103.8249118, 1.2528464 ], [ 103.8247858, 1.2530153 ], [ 103.8247522, 1.2531105 ], [ 103.8247388, 1.2531655 ], [ 103.8247308, 1.2532191 ], [ 103.8247738, 1.2534372 ], [ 103.8247867, 1.2534519 ], [ 103.8248231, 1.2535034 ] ] ] } },
{ "type": "Feature", "properties": { "element": "way", "id": 260774258, "name": "Skyline Luge Office", "building": "yes" }, "geometry": { "type": "Polygon", "coordinates": [ [ [ 103.8172195, 1.2548858 ], [ 103.8171781, 1.2549117 ], [ 103.8171205, 1.2549188 ], [ 103.8170791, 1.254866 ], [ 103.8170505, 1.2547187 ], [ 103.8172637, 1.2546773 ], [ 103.8172851, 1.2547014 ], [ 103.8172901, 1.2547407 ], [ 103.8172408, 1.2547469 ], [ 103.8172529, 1.2548422 ], [ 103.8172093, 1.2548694 ], [ 103.8172195, 1.2548858 ] ] ] } },
{ "type": "Feature", "properties": { "element": "way", "id": 409896131, "name": null, "building": "yes" }, "geometry": { "type": "Polygon", "coordinates": [ [ [ 103.8198908, 1.2515131 ], [ 103.8199403, 1.2514061 ], [ 103.8198908, 1.251377 ], [ 103.8199773, 1.2512335 ], [ 103.8200243, 1.251143 ], [ 103.8200799, 1.251088 ], [ 103.820141, 1.2510458 ], [ 103.8202221, 1.2510056 ], [ 103.8202154, 1.2509734 ], [ 103.8202985, 1.2509459 ], [ 103.8202999, 1.2509607 ], [ 103.8203535, 1.250952 ], [ 103.820436, 1.2509453 ], [ 103.8204367, 1.2508842 ], [ 103.8205191, 1.2508842 ], [ 103.8205165, 1.2509473 ], [ 103.820601, 1.2509694 ], [ 103.8206841, 1.2509955 ], [ 103.8207559, 1.2510431 ], [ 103.8207994, 1.2511028 ], [ 103.8208222, 1.2511584 ], [ 103.8208216, 1.2512429 ], [ 103.8208068, 1.2513093 ], [ 103.8205312, 1.2518335 ], [ 103.8204521, 1.2517933 ], [ 103.8204072, 1.2517705 ], [ 103.8203884, 1.2517457 ], [ 103.8203797, 1.2517142 ], [ 103.8203582, 1.2516947 ], [ 103.8203136, 1.2516636 ], [ 103.8201846, 1.2515994 ], [ 103.8201121, 1.251552 ], [ 103.8200705, 1.2515654 ], [ 103.8200182, 1.2515707 ], [ 103.8199606, 1.2515526 ], [ 103.8199349, 1.2515373 ], [ 103.819918, 1.2515293 ], [ 103.8198908, 1.2515131 ] ] ] } },
{ "type": "Feature", "properties": { "element": "way", "id": 445364429, "name": null, "building": "yes" }, "geometry": { "type": "Polygon", "coordinates": [ [ [ 103.8208411, 1.257981 ], [ 103.8209931, 1.2576381 ], [ 103.8207146, 1.2574998 ], [ 103.8206183, 1.2576836 ], [ 103.820541, 1.2578447 ], [ 103.8208411, 1.257981 ] ] ] } },
{ "type": "Feature", "properties": { "element": "way", "id": 478355767, "name": "Skyline Luge Sentosa", "building": "yes" }, "geometry": { "type": "Polygon", "coordinates": [ [ [ 103.8173239, 1.2551122 ], [ 103.8173117, 1.2550335 ], [ 103.8173401, 1.2550217 ], [ 103.8173354, 1.2550134 ], [ 103.8173861, 1.254989 ], [ 103.817368, 1.255064 ], [ 103.8173616, 1.2550903 ], [ 103.8173239, 1.2551122 ] ] ] } },
{ "type": "Feature", "properties": { "element": "way", "id": 480159876, "name": null, "building": "yes" }, "geometry": { "type": "Polygon", "coordinates": [ [ [ 103.8169523, 1.2549845 ], [ 103.8168839, 1.2549614 ], [ 103.816825, 1.2549535 ], [ 103.8167451, 1.2549615 ], [ 103.8166476, 1.2550039 ], [ 103.8164725, 1.2551013 ], [ 103.8165813, 1.2551922 ], [ 103.816636, 1.2552169 ], [ 103.8166862, 1.2552305 ], [ 103.8167627, 1.255225 ], [ 103.8168319, 1.2552027 ], [ 103.8168811, 1.2551795 ], [ 103.8170597, 1.25508 ], [ 103.8169523, 1.2549845 ] ] ] } },
{ "type": "Feature", "properties": { "element": "way", "id": 480183470, "name": null, "building": "retail" }, "geometry": { "type": "Polygon", "coordinates": [ [ [ 103.8192217, 1.2544263 ], [ 103.8191509, 1.2543941 ], [ 103.8191101, 1.2543537 ], [ 103.8190815, 1.2543126 ], [ 103.8190687, 1.254265 ], [ 103.8190299, 1.2542651 ], [ 103.8189923, 1.254375 ], [ 103.8189722, 1.2544789 ], [ 103.8189635, 1.2545875 ], [ 103.8189647, 1.254697 ], [ 103.8189925, 1.2547189 ], [ 103.8190748, 1.2546324 ], [ 103.8191573, 1.2545573 ], [ 103.8192405, 1.2544921 ], [ 103.8192217, 1.2544263 ] ] ] } },
{ "type": "Feature", "properties": { "element": "way", "id": 480233933, "name": null, "building": "roof" }, "geometry": { "type": "Polygon", "coordinates": [ [ [ 103.8177968, 1.2510677 ], [ 103.8178155, 1.2510761 ], [ 103.8180113, 1.251414 ], [ 103.8182131, 1.2514118 ], [ 103.8182084, 1.2513394 ], [ 103.818362, 1.2513421 ], [ 103.8183606, 1.251377 ], [ 103.8187234, 1.251373 ], [ 103.8188522, 1.2513736 ], [ 103.8188542, 1.2514185 ], [ 103.8190848, 1.2514199 ], [ 103.8190849, 1.25145 ], [ 103.8188227, 1.2514525 ], [ 103.8188225, 1.2514245 ], [ 103.8187245, 1.2514246 ], [ 103.8182871, 1.2514296 ], [ 103.8182884, 1.2515632 ], [ 103.8182886, 1.2515827 ], [ 103.8180468, 1.2515791 ], [ 103.8180403, 1.2515674 ], [ 103.8179603, 1.2514045 ], [ 103.8177638, 1.251078 ], [ 103.8177968, 1.2510677 ] ] ] } },
{ "type": "Feature", "properties": { "element": "way", "id": 482333280, "name": null, "building": "transportation" }, "geometry": { "type": "Polygon", "coordinates": [ [ [ 103.8176438, 1.251147 ], [ 103.8176948, 1.2510874 ], [ 103.8177638, 1.251078 ], [ 103.8179603, 1.2514045 ], [ 103.8179597, 1.2514501 ], [ 103.8179456, 1.2514769 ], [ 103.817912, 1.251497 ], [ 103.8178752, 1.2514943 ], [ 103.8178343, 1.2514749 ], [ 103.8177833, 1.2513968 ], [ 103.8176438, 1.251147 ] ] ] } },
{ "type": "Feature", "properties": { "element": "way", "id": 482337216, "name": "Gogreen Segway Eco Adventure", "building": "yes" }, "geometry": { "type": "Polygon", "coordinates": [ [ [ 103.8158077, 1.2529214 ], [ 103.8158369, 1.2529596 ], [ 103.8159657, 1.2528824 ], [ 103.8159277, 1.2528324 ], [ 103.8158077, 1.2529214 ] ] ] } },
{ "type": "Feature", "properties": { "element": "way", "id": 485309547, "name": "Equarius Hotel", "building": "hotel" }, "geometry": { "type": "Polygon", "coordinates": [ [ [ 103.8167325, 1.2581141 ], [ 103.8167887, 1.2580702 ], [ 103.8167087, 1.2579685 ], [ 103.8170625, 1.2576923 ], [ 103.817434, 1.2574022 ], [ 103.8174218, 1.2573866 ], [ 103.8174473, 1.2573667 ], [ 103.8173819, 1.257283 ], [ 103.8173618, 1.2572573 ], [ 103.8174006, 1.257227 ], [ 103.8172956, 1.2570926 ], [ 103.8172695, 1.257113 ], [ 103.8172239, 1.2570548 ], [ 103.8168073, 1.2573801 ], [ 103.8168529, 1.2574384 ], [ 103.8168097, 1.2574722 ], [ 103.8168704, 1.2575498 ], [ 103.8164233, 1.257899 ], [ 103.8164455, 1.2579273 ], [ 103.816408, 1.2579565 ], [ 103.8164777, 1.2580457 ], [ 103.8165152, 1.2580165 ], [ 103.816543, 1.2580523 ], [ 103.8164368, 1.2581399 ], [ 103.8164301, 1.2581674 ], [ 103.8164362, 1.2581902 ], [ 103.8164404, 1.2581971 ], [ 103.8164482, 1.2582089 ], [ 103.8164663, 1.258223 ], [ 103.8164894, 1.2582267 ], [ 103.8165079, 1.2582217 ], [ 103.8165614, 1.2581797 ], [ 103.8165788, 1.2582019 ], [ 103.8165643, 1.2582134 ], [ 103.8166144, 1.2582767 ], [ 103.8166184, 1.2582819 ], [ 103.8165818, 1.2583102 ], [ 103.8166972, 1.2584595 ], [ 103.816713, 1.2584473 ], [ 103.8167379, 1.2584795 ], [ 103.816851, 1.258392 ], [ 103.8168276, 1.2583617 ], [ 103.8168635, 1.258334 ], [ 103.8168177, 1.2582747 ], [ 103.8168431, 1.2582551 ], [ 103.816768, 1.2581579 ], [ 103.8167325, 1.2581141 ] ] ] } },
{ "type": "Feature", "properties": { "element": "way", "id": 485309548, "name": "ESPA", "building": "yes" }, "geometry": { "type": "Polygon", "coordinates": [ [ [ 103.8161827, 1.2587998 ], [ 103.816221, 1.2588513 ], [ 103.8162933, 1.2589497 ], [ 103.8165765, 1.2587429 ], [ 103.816508, 1.2586491 ], [ 103.8164553, 1.258577 ], [ 103.8164354, 1.2585915 ], [ 103.816392, 1.258532 ], [ 103.8163566, 1.2584836 ], [ 103.8163103, 1.2584203 ], [ 103.8161895, 1.2585085 ], [ 103.8162358, 1.2585719 ], [ 103.8163146, 1.2586798 ], [ 103.8163673, 1.2587519 ], [ 103.8163103, 1.2587935 ], [ 103.8162688, 1.2587368 ], [ 103.8161827, 1.2587998 ] ] ] } },
{ "type": "Feature", "properties": { "element": "way", "id": 485309549, "name": null, "building": "yes" }, "geometry": { "type": "Polygon", "coordinates": [ [ [ 103.8158489, 1.2584904 ], [ 103.815912, 1.2585758 ], [ 103.8159191, 1.2585855 ], [ 103.8159563, 1.2586359 ], [ 103.8160925, 1.2585355 ], [ 103.8161002, 1.258546 ], [ 103.8161835, 1.2584846 ], [ 103.8161763, 1.2584748 ], [ 103.8163199, 1.2583689 ], [ 103.8162114, 1.2582218 ], [ 103.8160678, 1.2583277 ], [ 103.8161193, 1.2583975 ], [ 103.816036, 1.2584589 ], [ 103.8159851, 1.2583899 ], [ 103.8158489, 1.2584904 ] ] ] } },
{ "type": "Feature", "properties": { "element": "way", "id": 485309552, "name": null, "building": "yes" }, "geometry": { "type": "Polygon", "coordinates": [ [ [ 103.8155546, 1.2586162 ], [ 103.8155389, 1.2585497 ], [ 103.8155307, 1.2585158 ], [ 103.8155092, 1.2584248 ], [ 103.8157033, 1.2583787 ], [ 103.8157487, 1.2585701 ], [ 103.8155546, 1.2586162 ] ] ] } },
{ "type": "Feature", "properties": { "element": "way", "id": 485309553, "name": null, "building": "yes" }, "geometry": { "type": "Polygon", "coordinates": [ [ [ 103.8167721, 1.2588818 ], [ 103.8167503, 1.2588991 ], [ 103.8168012, 1.2589631 ], [ 103.8168234, 1.2589454 ], [ 103.8168423, 1.2589693 ], [ 103.8169303, 1.2588994 ], [ 103.8169118, 1.2588762 ], [ 103.8169352, 1.2588577 ], [ 103.8168843, 1.2587937 ], [ 103.8168605, 1.2588126 ], [ 103.8168491, 1.2587982 ], [ 103.8168345, 1.2588098 ], [ 103.8167782, 1.2588545 ], [ 103.8167611, 1.2588681 ], [ 103.8167721, 1.2588818 ] ] ] } },
{ "type": "Feature", "properties": { "element": "way", "id": 485309554, "name": null, "building": "yes" }, "geometry": { "type": "Polygon", "coordinates": [ [ [ 103.8169993, 1.2591077 ], [ 103.8170527, 1.2591384 ], [ 103.8171026, 1.259167 ], [ 103.8171605, 1.2590662 ], [ 103.8171106, 1.2590376 ], [ 103.8170572, 1.2590069 ], [ 103.8169993, 1.2591077 ] ] ] } },
{ "type": "Feature", "properties": { "element": "way", "id": 485309569, "name": null, "building": "yes" }, "geometry": { "type": "Polygon", "coordinates": [ [ [ 103.8155433, 1.2593094 ], [ 103.8155986, 1.259342 ], [ 103.815604, 1.2593328 ], [ 103.8156644, 1.2593684 ], [ 103.8156614, 1.2593736 ], [ 103.8157132, 1.2594041 ], [ 103.8157707, 1.2593064 ], [ 103.8157189, 1.2592759 ], [ 103.815713, 1.259286 ], [ 103.8156525, 1.2592504 ], [ 103.8156587, 1.2592397 ], [ 103.8156035, 1.2592072 ], [ 103.8155433, 1.2593094 ] ] ] } },
{ "type": "Feature", "properties": { "element": "way", "id": 485309570, "name": null, "building": "yes" }, "geometry": { "type": "Polygon", "coordinates": [ [ [ 103.8153156, 1.2591759 ], [ 103.8153793, 1.2592132 ], [ 103.8153903, 1.2591943 ], [ 103.8154662, 1.2592388 ], [ 103.8155077, 1.259168 ], [ 103.8154539, 1.2591365 ], [ 103.8154638, 1.2591196 ], [ 103.8154432, 1.2591076 ], [ 103.8154333, 1.2591244 ], [ 103.8154318, 1.2591235 ], [ 103.815442, 1.259106 ], [ 103.8153783, 1.2590688 ], [ 103.8153156, 1.2591759 ] ] ] } },
{ "type": "Feature", "properties": { "element": "way", "id": 528233080, "name": null, "building": "yes" }, "geometry": { "type": "Polygon", "coordinates": [ [ [ 103.8199642, 1.2505367 ], [ 103.8198942, 1.2504414 ], [ 103.8198119, 1.2505019 ], [ 103.8198818, 1.2505971 ], [ 103.8199642, 1.2505367 ] ] ] } },
{ "type": "Feature", "properties": { "element": "way", "id": 528233081, "name": null, "building": "yes" }, "geometry": { "type": "Polygon", "coordinates": [ [ [ 103.820033, 1.2504948 ], [ 103.8201835, 1.2503842 ], [ 103.820145, 1.2503317 ], [ 103.8200775, 1.2503813 ], [ 103.8200537, 1.250349 ], [ 103.8199706, 1.2504099 ], [ 103.820033, 1.2504948 ] ] ] } },
{ "type": "Feature", "properties": { "element": "way", "id": 528233082, "name": null, "building": "roof" }, "geometry": { "type": "Polygon", "coordinates": [ [ [ 103.8199642, 1.2505367 ], [ 103.8198942, 1.2504414 ], [ 103.8199457, 1.2504037 ], [ 103.8201854, 1.2502277 ], [ 103.820173, 1.2502107 ], [ 103.8201082, 1.2501225 ], [ 103.8200799, 1.2500925 ], [ 103.8200095, 1.2500751 ], [ 103.8199552, 1.2500771 ], [ 103.81995, 1.2500542 ], [ 103.8199452, 1.2500328 ], [ 103.8200169, 1.2500288 ], [ 103.8201047, 1.2500496 ], [ 103.8201442, 1.2500906 ], [ 103.820249, 1.2502333 ], [ 103.8201345, 1.2503173 ], [ 103.820145, 1.2503317 ], [ 103.8200775, 1.2503813 ], [ 103.8200537, 1.250349 ], [ 103.8199706, 1.2504099 ], [ 103.8199574, 1.2504196 ], [ 103.8199333, 1.2504373 ], [ 103.8199915, 1.2505166 ], [ 103.8199642, 1.2505367 ] ] ] } },
{ "type": "Feature", "properties": { "element": "way", "id": 573746191, "name": "AJ Hackett Sentosa", "building": "yes" }, "geometry": { "type": "Polygon", "coordinates": [ [ [ 103.8132718, 1.2553145 ], [ 103.8134501, 1.2551471 ], [ 103.8133539, 1.2550447 ], [ 103.8131756, 1.2552122 ], [ 103.8132718, 1.2553145 ] ] ] } },
{ "type": "Feature", "properties": { "element": "way", "id": 595620855, "name": null, "building": "yes" }, "geometry": { "type": "Polygon", "coordinates": [ [ [ 103.8161664, 1.2586147 ], [ 103.8161954, 1.2586561 ], [ 103.8162277, 1.2586334 ], [ 103.8161525, 1.258526 ], [ 103.8161202, 1.2585486 ], [ 103.8161518, 1.2585938 ], [ 103.816121, 1.2586154 ], [ 103.8161174, 1.2586111 ], [ 103.816078, 1.2586071 ], [ 103.8160473, 1.2586322 ], [ 103.8160434, 1.2586716 ], [ 103.8160685, 1.2587023 ], [ 103.8161079, 1.2587062 ], [ 103.8161386, 1.2586811 ], [ 103.8161425, 1.2586417 ], [ 103.8161372, 1.2586352 ], [ 103.8161664, 1.2586147 ] ] ] } },
{ "type": "Feature", "properties": { "element": "way", "id": 595620857, "name": null, "building": "yes" }, "geometry": { "type": "Polygon", "coordinates": [ [ [ 103.815967, 1.2583805 ], [ 103.816055, 1.2583105 ], [ 103.8160229, 1.2582702 ], [ 103.815935, 1.2583402 ], [ 103.815967, 1.2583805 ] ] ] } },
{ "type": "Feature", "properties": { "element": "way", "id": 595620858, "name": null, "building": "yes" }, "geometry": { "type": "Polygon", "coordinates": [ [ [ 103.8174453, 1.2580508 ], [ 103.8175565, 1.2581163 ], [ 103.8176331, 1.2579864 ], [ 103.8175218, 1.2579209 ], [ 103.817507, 1.257946 ], [ 103.8174657, 1.2580161 ], [ 103.8174453, 1.2580508 ] ] ] } },
{ "type": "Feature", "properties": { "element": "way", "id": 595620860, "name": null, "building": "yes" }, "geometry": { "type": "Polygon", "coordinates": [ [ [ 103.8171007, 1.2578812 ], [ 103.8174222, 1.2580706 ], [ 103.8174573, 1.2580111 ], [ 103.8174657, 1.2580161 ], [ 103.817507, 1.257946 ], [ 103.8174986, 1.2579411 ], [ 103.8175295, 1.2578887 ], [ 103.8172079, 1.2576992 ], [ 103.8171654, 1.2577714 ], [ 103.8171496, 1.2577621 ], [ 103.8171211, 1.2578106 ], [ 103.8171368, 1.2578199 ], [ 103.8171007, 1.2578812 ] ] ] } },
{ "type": "Feature", "properties": { "element": "way", "id": 684973995, "name": null, "building": "yes" }, "geometry": { "type": "Polygon", "coordinates": [ [ [ 103.8175204, 1.2573951 ], [ 103.8176116, 1.2573817 ], [ 103.8175978, 1.2572877 ], [ 103.8175066, 1.2573011 ], [ 103.8175204, 1.2573951 ] ] ] } },
{ "type": "Feature", "properties": { "element": "way", "id": 684973997, "name": null, "building": "yes" }, "geometry": { "type": "Polygon", "coordinates": [ [ [ 103.8181917, 1.2589008 ], [ 103.8181707, 1.258804 ], [ 103.8181886, 1.2587763 ], [ 103.8182554, 1.258766 ], [ 103.818248, 1.2586869 ], [ 103.8183915, 1.2586661 ], [ 103.8184002, 1.258764 ], [ 103.8184451, 1.2587647 ], [ 103.8184257, 1.2588626 ], [ 103.8183358, 1.2588673 ], [ 103.8183399, 1.2588948 ], [ 103.8183244, 1.2589638 ], [ 103.8182554, 1.258941 ], [ 103.8182574, 1.2589001 ], [ 103.8181917, 1.2589008 ] ] ] } },
{ "type": "Feature", "properties": { "element": "way", "id": 684973999, "name": null, "building": "yes" }, "geometry": { "type": "Polygon", "coordinates": [ [ [ 103.8182601, 1.2586702 ], [ 103.8182607, 1.2585877 ], [ 103.8183868, 1.2585656 ], [ 103.818486, 1.2585897 ], [ 103.8184807, 1.2586675 ], [ 103.8183761, 1.2586494 ], [ 103.8182601, 1.2586702 ] ] ] } },
{ "type": "Feature", "properties": { "element": "way", "id": 684974001, "name": null, "building": "yes" }, "geometry": { "type": "Polygon", "coordinates": [ [ [ 103.8182238, 1.2587218 ], [ 103.8180421, 1.2586145 ], [ 103.8179717, 1.258762 ], [ 103.8181501, 1.2588358 ], [ 103.8181707, 1.258804 ], [ 103.8181886, 1.2587763 ], [ 103.8182238, 1.2587218 ] ] ] } },
{ "type": "Feature", "properties": { "element": "way", "id": 684974003, "name": null, "building": "yes" }, "geometry": { "type": "Polygon", "coordinates": [ [ [ 103.8184592, 1.2590798 ], [ 103.8183821, 1.2590168 ], [ 103.8184198, 1.2589031 ], [ 103.8184867, 1.258701 ], [ 103.8186503, 1.2587466 ], [ 103.8186763, 1.258686 ], [ 103.8187692, 1.2586988 ], [ 103.8188596, 1.2587416 ], [ 103.8187831, 1.2589712 ], [ 103.8186861, 1.258979 ], [ 103.8185913, 1.2589175 ], [ 103.8185028, 1.2589135 ], [ 103.8184592, 1.2590798 ] ] ] } },
{ "type": "Feature", "properties": { "element": "way", "id": 684974046, "name": null, "building": "yes" }, "geometry": { "type": "Polygon", "coordinates": [ [ [ 103.8170631, 1.2589323 ], [ 103.8170182, 1.2588297 ], [ 103.8170493, 1.2587788 ], [ 103.8170986, 1.2586982 ], [ 103.8171161, 1.2586695 ], [ 103.8172167, 1.2588029 ], [ 103.817149, 1.2589135 ], [ 103.8170631, 1.2589323 ] ] ] } },
{ "type": "Feature", "properties": { "element": "way", "id": 684974076, "name": null, "building": "yes" }, "geometry": { "type": "Polygon", "coordinates": [ [ [ 103.8200437, 1.2586738 ], [ 103.8198654, 1.2585897 ], [ 103.8197822, 1.2585475 ], [ 103.8197373, 1.2584677 ], [ 103.8197131, 1.2583859 ], [ 103.8198037, 1.258333 ], [ 103.8199029, 1.258282 ], [ 103.8199975, 1.2582391 ], [ 103.8200866, 1.2582183 ], [ 103.8201202, 1.2583129 ], [ 103.8201369, 1.2583967 ], [ 103.8201255, 1.2584657 ], [ 103.8201014, 1.2585441 ], [ 103.8200437, 1.2586738 ] ] ] } },
{ "type": "Feature", "properties": { "element": "way", "id": 684974105, "name": null, "building": "yes" }, "geometry": { "type": "Polygon", "coordinates": [ [ [ 103.8205933, 1.2518383 ], [ 103.8206814, 1.2518889 ], [ 103.820869, 1.2515625 ], [ 103.82083, 1.2515401 ], [ 103.8208447, 1.2515145 ], [ 103.8207956, 1.2514863 ], [ 103.8205933, 1.2518383 ] ] ] } },
{ "type": "Feature", "properties": { "element": "way", "id": 684974107, "name": null, "building": "yes" }, "geometry": { "type": "Polygon", "coordinates": [ [ [ 103.8209705, 1.2515895 ], [ 103.8211512, 1.2514593 ], [ 103.8210055, 1.2512572 ], [ 103.8208581, 1.2513634 ], [ 103.8209011, 1.251423 ], [ 103.8208678, 1.251447 ], [ 103.8209705, 1.2515895 ] ] ] } },
{ "type": "Feature", "properties": { "element": "way", "id": 684974291, "name": null, "building": "yes" }, "geometry": { "type": "Polygon", "coordinates": [ [ [ 103.8187368, 1.254326 ], [ 103.8190265, 1.2541779 ], [ 103.8189721, 1.2540717 ], [ 103.8189427, 1.2540142 ], [ 103.8188542, 1.2539774 ], [ 103.8186141, 1.2540934 ], [ 103.8187368, 1.254326 ] ] ] } },
{ "type": "Feature", "properties": { "element": "way", "id": 684974302, "name": null, "building": "yes" }, "geometry": { "type": "Polygon", "coordinates": [ [ [ 103.8172596, 1.2504994 ], [ 103.8173394, 1.2504706 ], [ 103.8173233, 1.250426 ], [ 103.8172435, 1.2504548 ], [ 103.8172596, 1.2504994 ] ] ] } },
{ "type": "Feature", "properties": { "element": "way", "id": 684974304, "name": null, "building": "yes" }, "geometry": { "type": "Polygon", "coordinates": [ [ [ 103.8173727, 1.2505576 ], [ 103.8174216, 1.2505307 ], [ 103.8173863, 1.2504666 ], [ 103.8173374, 1.2504935 ], [ 103.8173727, 1.2505576 ] ] ] } },
{ "type": "Feature", "properties": { "element": "way", "id": 684974306, "name": null, "building": "yes" }, "geometry": { "type": "Polygon", "coordinates": [ [ [ 103.8173964, 1.2506007 ], [ 103.8173727, 1.2505576 ], [ 103.8173374, 1.2504935 ], [ 103.81733, 1.25048 ], [ 103.817249, 1.2505245 ], [ 103.8173154, 1.2506452 ], [ 103.8173964, 1.2506007 ] ] ] } },
{ "type": "Feature", "properties": { "element": "way", "id": 684974317, "name": null, "building": "yes" }, "geometry": { "type": "Polygon", "coordinates": [ [ [ 103.8212764, 1.2509719 ], [ 103.8211466, 1.2508549 ], [ 103.8210416, 1.2509712 ], [ 103.8210186, 1.2509504 ], [ 103.820991, 1.250981 ], [ 103.8210772, 1.2510588 ], [ 103.8211278, 1.2510027 ], [ 103.8211944, 1.2510628 ], [ 103.8212764, 1.2509719 ] ] ] } },
{ "type": "Feature", "properties": { "element": "way", "id": 684974364, "name": null, "building": "retail" }, "geometry": { "type": "Polygon", "coordinates": [ [ [ 103.8163429, 1.2520769 ], [ 103.8164082, 1.2520969 ], [ 103.816429, 1.2520292 ], [ 103.8163637, 1.2520092 ], [ 103.8163429, 1.2520769 ] ] ] } },
{ "type": "Feature", "properties": { "element": "way", "id": 684974365, "name": null, "building": "retail" }, "geometry": { "type": "Polygon", "coordinates": [ [ [ 103.8164972, 1.2518168 ], [ 103.8163973, 1.2518095 ], [ 103.8163893, 1.2519208 ], [ 103.8164891, 1.251928 ], [ 103.8164972, 1.2518168 ] ] ] } },
{ "type": "Feature", "properties": { "element": "way", "id": 684974368, "name": null, "building": "yes" }, "geometry": { "type": "Polygon", "coordinates": [ [ [ 103.8146109, 1.2538889 ], [ 103.8146441, 1.2538615 ], [ 103.8146174, 1.2538292 ], [ 103.8145842, 1.2538567 ], [ 103.8146109, 1.2538889 ] ] ] } },
{ "type": "Feature", "properties": { "element": "way", "id": 684985130, "name": null, "building": "yes" }, "geometry": { "type": "Polygon", "coordinates": [ [ [ 103.8171604, 1.2582873 ], [ 103.817261, 1.2582967 ], [ 103.8173079, 1.2582592 ], [ 103.8173481, 1.2581841 ], [ 103.8173495, 1.2581211 ], [ 103.8172556, 1.2580768 ], [ 103.8171952, 1.2580889 ], [ 103.8171429, 1.2580795 ], [ 103.8171644, 1.2581492 ], [ 103.8171711, 1.2582243 ], [ 103.8171604, 1.2582873 ] ] ] } },
{ "type": "Feature", "properties": { "element": "way", "id": 684985132, "name": null, "building": "yes" }, "geometry": { "type": "Polygon", "coordinates": [ [ [ 103.8178077, 1.2578617 ], [ 103.8177007, 1.2578104 ], [ 103.8177227, 1.2577646 ], [ 103.8177785, 1.2577913 ], [ 103.817801, 1.2577443 ], [ 103.8178523, 1.2577688 ], [ 103.8178077, 1.2578617 ] ] ] } },
{ "type": "Feature", "properties": { "element": "way", "id": 684985141, "name": "Shark Encounter", "building": "yes" }, "geometry": { "type": "Polygon", "coordinates": [ [ [ 103.8195916, 1.2584692 ], [ 103.8197066, 1.2584092 ], [ 103.8196982, 1.2583817 ], [ 103.820013, 1.2582239 ], [ 103.8200079, 1.2582079 ], [ 103.8200699, 1.2581824 ], [ 103.8200972, 1.2581262 ], [ 103.8200671, 1.2581192 ], [ 103.8195502, 1.2583787 ], [ 103.8195916, 1.2584692 ] ] ] } },
{ "type": "Feature", "properties": { "element": "way", "id": 684985142, "name": null, "building": "yes" }, "geometry": { "type": "Polygon", "coordinates": [ [ [ 103.8193356, 1.2583797 ], [ 103.8190634, 1.2583147 ], [ 103.8190449, 1.2583918 ], [ 103.8193171, 1.2584568 ], [ 103.8193356, 1.2583797 ] ] ] } },
{ "type": "Feature", "properties": { "element": "way", "id": 684985143, "name": "Dolphin Island", "building": "yes" }, "geometry": { "type": "Polygon", "coordinates": [ [ [ 103.8187576, 1.2590442 ], [ 103.8187073, 1.2590288 ], [ 103.8186818, 1.2591133 ], [ 103.8187307, 1.2591282 ], [ 103.8187576, 1.2590442 ] ] ] } },
{ "type": "Feature", "properties": { "element": "way", "id": 684985144, "name": "Ray Bay", "building": "yes" }, "geometry": { "type": "Polygon", "coordinates": [ [ [ 103.818993, 1.2590925 ], [ 103.8189883, 1.2590637 ], [ 103.8190453, 1.2590603 ], [ 103.8190775, 1.2590463 ], [ 103.8191016, 1.2590295 ], [ 103.8191184, 1.2590811 ], [ 103.8191345, 1.2591059 ], [ 103.8191123, 1.2591549 ], [ 103.8191143, 1.2592145 ], [ 103.8190936, 1.2592454 ], [ 103.8190406, 1.2592594 ], [ 103.819003, 1.259234 ], [ 103.8189564, 1.2592185 ], [ 103.818993, 1.2590925 ] ] ] } },
{ "type": "Feature", "properties": { "element": "way", "id": 684985145, "name": null, "building": "yes" }, "geometry": { "type": "Polygon", "coordinates": [ [ [ 103.8189179, 1.2592127 ], [ 103.8189111, 1.2592345 ], [ 103.8188952, 1.2592853 ], [ 103.8186772, 1.2592174 ], [ 103.8186998, 1.2591448 ], [ 103.8187231, 1.259152 ], [ 103.8189179, 1.2592127 ] ] ] } },
{ "type": "Feature", "properties": { "element": "way", "id": 684985147, "name": null, "building": "yes" }, "geometry": { "type": "Polygon", "coordinates": [ [ [ 103.8195597, 1.2589508 ], [ 103.8194248, 1.2588761 ], [ 103.81936, 1.2589933 ], [ 103.8194949, 1.2590679 ], [ 103.8195597, 1.2589508 ] ] ] } },
{ "type": "Feature", "properties": { "element": "way", "id": 684985160, "name": "Adventure Cove Waterpark", "building": "yes" }, "geometry": { "type": "Polygon", "coordinates": [ [ [ 103.8188945, 1.2584294 ], [ 103.8189111, 1.2583598 ], [ 103.8190449, 1.2583918 ], [ 103.8193171, 1.2584568 ], [ 103.8194031, 1.2584773 ], [ 103.8194356, 1.2584885 ], [ 103.8194782, 1.2585162 ], [ 103.8195104, 1.2585553 ], [ 103.8195285, 1.2585988 ], [ 103.8195337, 1.258644 ], [ 103.8195321, 1.2586592 ], [ 103.8195307, 1.2586719 ], [ 103.8195118, 1.2587282 ], [ 103.8194678, 1.2587731 ], [ 103.8194249, 1.2587966 ], [ 103.8193829, 1.2588062 ], [ 103.8193431, 1.2588052 ], [ 103.8193138, 1.2589353 ], [ 103.8192224, 1.2589148 ], [ 103.8192696, 1.2587052 ], [ 103.8193367, 1.2587203 ], [ 103.8193412, 1.2587023 ], [ 103.8193566, 1.2587048 ], [ 103.8193837, 1.2587009 ], [ 103.8194029, 1.2586908 ], [ 103.8194183, 1.2586752 ], [ 103.8194246, 1.2586647 ], [ 103.8194303, 1.2586479 ], [ 103.8194313, 1.2586246 ], [ 103.8194237, 1.2586003 ], [ 103.8194092, 1.2585812 ], [ 103.8193977, 1.2585724 ], [ 103.8193822, 1.2585653 ], [ 103.8193865, 1.2585469 ], [ 103.8188945, 1.2584294 ] ] ] } },
{ "type": "Feature", "properties": { "element": "way", "id": 684985167, "name": null, "building": "yes" }, "geometry": { "type": "Polygon", "coordinates": [ [ [ 103.8186201, 1.2593727 ], [ 103.8186146, 1.2595621 ], [ 103.8187983, 1.2595674 ], [ 103.8188039, 1.2593781 ], [ 103.8186201, 1.2593727 ] ] ] } },
{ "type": "Feature", "properties": { "element": "way", "id": 684985170, "name": null, "building": "yes" }, "geometry": { "type": "Polygon", "coordinates": [ [ [ 103.8154499, 1.2586597 ], [ 103.8155559, 1.2586295 ], [ 103.8155366, 1.2585617 ], [ 103.8154306, 1.2585919 ], [ 103.8154499, 1.2586597 ] ] ] } },
{ "type": "Feature", "properties": { "element": "way", "id": 684985173, "name": null, "building": "yes" }, "geometry": { "type": "Polygon", "coordinates": [ [ [ 103.8171949, 1.2592457 ], [ 103.8171948, 1.2593094 ], [ 103.8171702, 1.2593093 ], [ 103.81717, 1.2594385 ], [ 103.8171389, 1.2594384 ], [ 103.8171388, 1.259531 ], [ 103.8173098, 1.2595313 ], [ 103.8173099, 1.2594386 ], [ 103.8172931, 1.2594386 ], [ 103.8172933, 1.2593095 ], [ 103.8173168, 1.2593095 ], [ 103.8173169, 1.2592458 ], [ 103.8171949, 1.2592457 ] ] ] } },
{ "type": "Feature", "properties": { "element": "way", "id": 684985178, "name": null, "building": "yes" }, "geometry": { "type": "Polygon", "coordinates": [ [ [ 103.8170974, 1.2598937 ], [ 103.8171615, 1.2598938 ], [ 103.8171615, 1.2598833 ], [ 103.8172317, 1.2598834 ], [ 103.8172317, 1.2598895 ], [ 103.8172918, 1.2598896 ], [ 103.817292, 1.2597762 ], [ 103.8172319, 1.2597761 ], [ 103.8172319, 1.2597878 ], [ 103.8171617, 1.2597876 ], [ 103.8171618, 1.2597753 ], [ 103.8170977, 1.2597751 ], [ 103.8170974, 1.2598937 ] ] ] } },
{ "type": "Feature", "properties": { "element": "way", "id": 684985183, "name": null, "building": "yes" }, "geometry": { "type": "Polygon", "coordinates": [ [ [ 103.8168156, 1.2598247 ], [ 103.8168775, 1.2598417 ], [ 103.8168803, 1.2598315 ], [ 103.8169479, 1.2598502 ], [ 103.8169463, 1.259856 ], [ 103.8170042, 1.259872 ], [ 103.8170344, 1.2597627 ], [ 103.8169764, 1.2597467 ], [ 103.8169733, 1.259758 ], [ 103.8169057, 1.2597393 ], [ 103.816909, 1.2597274 ], [ 103.8168472, 1.2597104 ], [ 103.8168156, 1.2598247 ] ] ] } },
{ "type": "Feature", "properties": { "element": "way", "id": 684985187, "name": null, "building": "yes" }, "geometry": { "type": "Polygon", "coordinates": [ [ [ 103.8165596, 1.2597533 ], [ 103.8166214, 1.2597702 ], [ 103.8166242, 1.2597599 ], [ 103.8166919, 1.2597784 ], [ 103.8166903, 1.2597842 ], [ 103.8167483, 1.2598 ], [ 103.8167781, 1.2596906 ], [ 103.8167202, 1.2596748 ], [ 103.8167171, 1.2596861 ], [ 103.8166494, 1.2596677 ], [ 103.8166526, 1.2596557 ], [ 103.8165908, 1.2596389 ], [ 103.8165596, 1.2597533 ] ] ] } },
{ "type": "Feature", "properties": { "element": "way", "id": 684985191, "name": null, "building": "yes" }, "geometry": { "type": "Polygon", "coordinates": [ [ [ 103.8162928, 1.2596726 ], [ 103.8163534, 1.2596936 ], [ 103.8163568, 1.2596836 ], [ 103.8164231, 1.2597067 ], [ 103.8164211, 1.2597124 ], [ 103.8164779, 1.2597321 ], [ 103.8165152, 1.259625 ], [ 103.8164584, 1.2596053 ], [ 103.8164545, 1.2596163 ], [ 103.8163883, 1.2595933 ], [ 103.8163923, 1.2595816 ], [ 103.8163318, 1.2595606 ], [ 103.8162928, 1.2596726 ] ] ] } },
{ "type": "Feature", "properties": { "element": "way", "id": 684985195, "name": null, "building": "yes" }, "geometry": { "type": "Polygon", "coordinates": [ [ [ 103.8160313, 1.2595659 ], [ 103.8160903, 1.2595909 ], [ 103.8160945, 1.2595811 ], [ 103.8161591, 1.2596085 ], [ 103.8161567, 1.2596141 ], [ 103.8162121, 1.2596375 ], [ 103.8162563, 1.2595331 ], [ 103.816201, 1.2595096 ], [ 103.8161964, 1.2595204 ], [ 103.8161318, 1.259493 ], [ 103.8161366, 1.2594817 ], [ 103.8160775, 1.2594567 ], [ 103.8160313, 1.2595659 ] ] ] } },
{ "type": "Feature", "properties": { "element": "way", "id": 684985199, "name": null, "building": "yes" }, "geometry": { "type": "Polygon", "coordinates": [ [ [ 103.8157858, 1.2594383 ], [ 103.8158434, 1.2594665 ], [ 103.8158481, 1.259457 ], [ 103.8159111, 1.2594878 ], [ 103.8159084, 1.2594933 ], [ 103.8159624, 1.2595197 ], [ 103.8160123, 1.2594178 ], [ 103.8159583, 1.2593914 ], [ 103.8159532, 1.2594019 ], [ 103.8158901, 1.2593711 ], [ 103.8158956, 1.25936 ], [ 103.815838, 1.2593318 ], [ 103.8157858, 1.2594383 ] ] ] } },
{ "type": "Feature", "properties": { "element": "way", "id": 684985204, "name": null, "building": "yes" }, "geometry": { "type": "Polygon", "coordinates": [ [ [ 103.8149173, 1.2588253 ], [ 103.8149727, 1.2588739 ], [ 103.8149871, 1.2588575 ], [ 103.8150533, 1.2589154 ], [ 103.8151074, 1.2588537 ], [ 103.8150606, 1.2588127 ], [ 103.8150734, 1.258798 ], [ 103.8150555, 1.2587822 ], [ 103.8150426, 1.2587969 ], [ 103.8150412, 1.2587957 ], [ 103.8150546, 1.2587805 ], [ 103.8149991, 1.2587319 ], [ 103.8149173, 1.2588253 ] ] ] } },
{ "type": "Feature", "properties": { "element": "way", "id": 684985208, "name": null, "building": "yes" }, "geometry": { "type": "Polygon", "coordinates": [ [ [ 103.8151108, 1.2590079 ], [ 103.8151703, 1.2590516 ], [ 103.8151832, 1.259034 ], [ 103.8152541, 1.2590861 ], [ 103.8153027, 1.2590199 ], [ 103.8152525, 1.2589831 ], [ 103.815264, 1.2589673 ], [ 103.8152448, 1.2589532 ], [ 103.8152332, 1.2589689 ], [ 103.8152318, 1.2589679 ], [ 103.8152438, 1.2589515 ], [ 103.8151843, 1.2589079 ], [ 103.8151108, 1.2590079 ] ] ] } },
{ "type": "Feature", "properties": { "element": "way", "id": 684985225, "name": null, "building": "yes" }, "geometry": { "type": "Polygon", "coordinates": [ [ [ 103.8155389, 1.2585497 ], [ 103.8155307, 1.2585158 ], [ 103.8154946, 1.2585246 ], [ 103.8155028, 1.2585585 ], [ 103.8155389, 1.2585497 ] ] ] } },
{ "type": "Feature", "properties": { "element": "way", "id": 684985226, "name": null, "building": "yes" }, "geometry": { "type": "Polygon", "coordinates": [ [ [ 103.8156723, 1.2590922 ], [ 103.8158218, 1.259146 ], [ 103.8158503, 1.2590668 ], [ 103.8157008, 1.2590129 ], [ 103.8156723, 1.2590922 ] ] ] } },
{ "type": "Feature", "properties": { "element": "way", "id": 684985227, "name": null, "building": "yes" }, "geometry": { "type": "Polygon", "coordinates": [ [ [ 103.8172569, 1.2590061 ], [ 103.8172066, 1.2590845 ], [ 103.8172702, 1.2591253 ], [ 103.8173205, 1.2590469 ], [ 103.8172569, 1.2590061 ] ] ] } },
{ "type": "Feature", "properties": { "element": "way", "id": 684985228, "name": null, "building": "yes" }, "geometry": { "type": "Polygon", "coordinates": [ [ [ 103.8155105, 1.2587255 ], [ 103.8155147, 1.2587361 ], [ 103.8155014, 1.2587414 ], [ 103.8155233, 1.2587961 ], [ 103.8155414, 1.2587888 ], [ 103.8155484, 1.2588063 ], [ 103.8156376, 1.2587706 ], [ 103.8156121, 1.258707 ], [ 103.815598, 1.2587127 ], [ 103.8155903, 1.2586936 ], [ 103.8155105, 1.2587255 ] ] ] } },
{ "type": "Feature", "properties": { "element": "way", "id": 684985229, "name": null, "building": "yes" }, "geometry": { "type": "Polygon", "coordinates": [ [ [ 103.8156507, 1.2586731 ], [ 103.8156532, 1.2587603 ], [ 103.8157656, 1.2587571 ], [ 103.8157643, 1.2587101 ], [ 103.8157404, 1.2587107 ], [ 103.8157393, 1.2586706 ], [ 103.8156507, 1.2586731 ] ] ] } },
{ "type": "Feature", "properties": { "element": "way", "id": 684985230, "name": null, "building": "yes" }, "geometry": { "type": "Polygon", "coordinates": [ [ [ 103.8153932, 1.2587443 ], [ 103.8153567, 1.258831 ], [ 103.8154413, 1.2588666 ], [ 103.8154778, 1.2587798 ], [ 103.8153932, 1.2587443 ] ] ] } },
{ "type": "Feature", "properties": { "element": "way", "id": 684985231, "name": null, "building": "yes" }, "geometry": { "type": "Polygon", "coordinates": [ [ [ 103.8154902, 1.2589026 ], [ 103.8154452, 1.2589739 ], [ 103.8155797, 1.2590586 ], [ 103.8156246, 1.2589873 ], [ 103.8154902, 1.2589026 ] ] ] } },
{ "type": "Feature", "properties": { "element": "way", "id": 684985232, "name": null, "building": "yes" }, "geometry": { "type": "Polygon", "coordinates": [ [ [ 103.816502, 1.2590675 ], [ 103.8165627, 1.2590776 ], [ 103.8166194, 1.2590871 ], [ 103.8166386, 1.2589725 ], [ 103.8165819, 1.258963 ], [ 103.8165211, 1.2589529 ], [ 103.816502, 1.2590675 ] ] ] } },
{ "type": "Feature", "properties": { "element": "way", "id": 684985235, "name": null, "building": "yes" }, "geometry": { "type": "Polygon", "coordinates": [ [ [ 103.8162702, 1.2593706 ], [ 103.8163107, 1.259417 ], [ 103.8163485, 1.2594603 ], [ 103.8164361, 1.2593839 ], [ 103.8163983, 1.2593406 ], [ 103.8163578, 1.2592942 ], [ 103.8162702, 1.2593706 ] ] ] } },
{ "type": "Feature", "properties": { "element": "way", "id": 684985238, "name": null, "building": "yes" }, "geometry": { "type": "Polygon", "coordinates": [ [ [ 103.816583, 1.2595411 ], [ 103.8166446, 1.2595383 ], [ 103.816702, 1.2595358 ], [ 103.8166968, 1.2594197 ], [ 103.8166394, 1.2594222 ], [ 103.8165778, 1.259425 ], [ 103.816583, 1.2595411 ] ] ] } },
{ "type": "Feature", "properties": { "element": "way", "id": 684985241, "name": null, "building": "yes" }, "geometry": { "type": "Polygon", "coordinates": [ [ [ 103.8167807, 1.2595778 ], [ 103.8168341, 1.2596085 ], [ 103.816884, 1.2596371 ], [ 103.8169419, 1.2595364 ], [ 103.816892, 1.2595077 ], [ 103.8168386, 1.2594771 ], [ 103.8167807, 1.2595778 ] ] ] } },
{ "type": "Feature", "properties": { "element": "way", "id": 684985246, "name": null, "building": "yes" }, "geometry": { "type": "Polygon", "coordinates": [ [ [ 103.8167187, 1.2588444 ], [ 103.8166828, 1.2587959 ], [ 103.8166905, 1.258736 ], [ 103.8167377, 1.2586982 ], [ 103.8167978, 1.2587036 ], [ 103.8168374, 1.2587492 ], [ 103.8168345, 1.2588098 ], [ 103.8167782, 1.2588545 ], [ 103.8167187, 1.2588444 ] ] ] } },
{ "type": "Feature", "properties": { "element": "way", "id": 685026474, "name": null, "building": "yes" }, "geometry": { "type": "Polygon", "coordinates": [ [ [ 103.8194568, 1.256091 ], [ 103.8194734, 1.2560954 ], [ 103.81946, 1.2561455 ], [ 103.819576, 1.2561765 ], [ 103.8196207, 1.2560096 ], [ 103.8195047, 1.2559786 ], [ 103.8194955, 1.2560129 ], [ 103.8194788, 1.2560086 ], [ 103.8194568, 1.256091 ] ] ] } },
{ "type": "Feature", "properties": { "element": "way", "id": 685026475, "name": null, "building": "yes" }, "geometry": { "type": "Polygon", "coordinates": [ [ [ 103.8195064, 1.2559145 ], [ 103.8195231, 1.255919 ], [ 103.8195097, 1.2559691 ], [ 103.8196257, 1.256 ], [ 103.8196681, 1.2558343 ], [ 103.8195543, 1.2558022 ], [ 103.8195451, 1.2558365 ], [ 103.8195285, 1.2558321 ], [ 103.8195064, 1.2559145 ] ] ] } },
{ "type": "Feature", "properties": { "element": "way", "id": 685026476, "name": null, "building": "yes" }, "geometry": { "type": "Polygon", "coordinates": [ [ [ 103.8194139, 1.2558049 ], [ 103.8193973, 1.2558004 ], [ 103.8194107, 1.2557504 ], [ 103.8192948, 1.2557192 ], [ 103.81925, 1.255886 ], [ 103.8193659, 1.2559172 ], [ 103.8193752, 1.2558828 ], [ 103.8193917, 1.2558873 ], [ 103.8194139, 1.2558049 ] ] ] } },
{ "type": "Feature", "properties": { "element": "way", "id": 685026477, "name": null, "building": "yes" }, "geometry": { "type": "Polygon", "coordinates": [ [ [ 103.8193711, 1.2559874 ], [ 103.8193544, 1.2559831 ], [ 103.8193679, 1.255933 ], [ 103.819252, 1.2559018 ], [ 103.8192071, 1.2560686 ], [ 103.8193231, 1.2560998 ], [ 103.8193322, 1.2560654 ], [ 103.8193489, 1.2560699 ], [ 103.8193711, 1.2559874 ] ] ] } },
{ "type": "Feature", "properties": { "element": "way", "id": 685026478, "name": null, "building": "yes" }, "geometry": { "type": "Polygon", "coordinates": [ [ [ 103.8198054, 1.2565146 ], [ 103.8198309, 1.2564253 ], [ 103.8197619, 1.2564057 ], [ 103.8197364, 1.2564949 ], [ 103.8198054, 1.2565146 ] ] ] } },
{ "type": "Feature", "properties": { "element": "way", "id": 685026479, "name": null, "building": "yes" }, "geometry": { "type": "Polygon", "coordinates": [ [ [ 103.8199023, 1.2561387 ], [ 103.819924, 1.2560423 ], [ 103.819854, 1.2560265 ], [ 103.8198323, 1.2561229 ], [ 103.8199023, 1.2561387 ] ] ] } },
{ "type": "Feature", "properties": { "element": "way", "id": 685026483, "name": null, "building": "yes" }, "geometry": { "type": "Polygon", "coordinates": [ [ [ 103.8263959, 1.253598 ], [ 103.8263556, 1.2535531 ], [ 103.826326, 1.2535796 ], [ 103.8263663, 1.2536245 ], [ 103.8263959, 1.253598 ] ] ] } },
{ "type": "Feature", "properties": { "element": "way", "id": 685026484, "name": null, "building": "yes" }, "geometry": { "type": "Polygon", "coordinates": [ [ [ 103.82642, 1.2535725 ], [ 103.8265018, 1.2533861 ], [ 103.8264482, 1.2533626 ], [ 103.8263664, 1.253549 ], [ 103.82642, 1.2535725 ] ] ] } },
{ "type": "Feature", "properties": { "element": "way", "id": 685026485, "name": null, "building": "yes" }, "geometry": { "type": "Polygon", "coordinates": [ [ [ 103.8262631, 1.2538045 ], [ 103.8265488, 1.2535913 ], [ 103.8265168, 1.2535485 ], [ 103.8262312, 1.2537617 ], [ 103.8262631, 1.2538045 ] ] ] } },
{ "type": "Feature", "properties": { "element": "way", "id": 685026486, "name": null, "building": "yes" }, "geometry": { "type": "Polygon", "coordinates": [ [ [ 103.8261089, 1.2538487 ], [ 103.8262336, 1.2538273 ], [ 103.8262237, 1.2537698 ], [ 103.826099, 1.2537913 ], [ 103.8261089, 1.2538487 ] ] ] } },
{ "type": "Feature", "properties": { "element": "way", "id": 685026487, "name": null, "building": "yes" }, "geometry": { "type": "Polygon", "coordinates": [ [ [ 103.826509, 1.2533694 ], [ 103.8265191, 1.2534146 ], [ 103.8264777, 1.2534653 ], [ 103.8265327, 1.2535102 ], [ 103.8265387, 1.2535028 ], [ 103.8265487, 1.2535477 ], [ 103.8266239, 1.253531 ], [ 103.826538, 1.2531461 ], [ 103.8264629, 1.2531629 ], [ 103.8264555, 1.2533379 ], [ 103.826509, 1.2533694 ] ] ] } },
{ "type": "Feature", "properties": { "element": "way", "id": 685026497, "name": null, "building": "roof" }, "geometry": { "type": "Polygon", "coordinates": [ [ [ 103.8263599, 1.2532279 ], [ 103.8260313, 1.2532212 ], [ 103.8260302, 1.2532768 ], [ 103.8263588, 1.2532835 ], [ 103.8263599, 1.2532279 ] ] ] } },
{ "type": "Feature", "properties": { "element": "way", "id": 685029038, "name": null, "building": "roof" }, "geometry": { "type": "Polygon", "coordinates": [ [ [ 103.8212497, 1.2562884 ], [ 103.821224, 1.2564737 ], [ 103.8212118, 1.2564853 ], [ 103.8211968, 1.2564835 ], [ 103.821186, 1.2564711 ], [ 103.8211771, 1.2564883 ], [ 103.8211621, 1.2564907 ], [ 103.8211483, 1.2564818 ], [ 103.821144, 1.2565043 ], [ 103.8211302, 1.2565106 ], [ 103.8211145, 1.2565056 ], [ 103.8210994, 1.2564873 ], [ 103.8210994, 1.2565128 ], [ 103.8210834, 1.2565291 ], [ 103.8210644, 1.2565282 ], [ 103.8210618, 1.2565429 ], [ 103.8210503, 1.2565657 ], [ 103.8210288, 1.256573 ], [ 103.8210084, 1.2565599 ], [ 103.821003, 1.2565761 ], [ 103.8209852, 1.2565883 ], [ 103.8209592, 1.2565834 ], [ 103.820943, 1.2565663 ], [ 103.8209303, 1.2565748 ], [ 103.8209188, 1.2565769 ], [ 103.8209019, 1.2565722 ], [ 103.820892, 1.2565631 ], [ 103.8208862, 1.2565491 ], [ 103.8208873, 1.256534 ], [ 103.8208734, 1.2565366 ], [ 103.8208591, 1.256533 ], [ 103.8208494, 1.2565249 ], [ 103.8208437, 1.2565133 ], [ 103.820843, 1.2565032 ], [ 103.8208505, 1.2564858 ], [ 103.8208298, 1.2564877 ], [ 103.8208124, 1.2564816 ], [ 103.8208002, 1.2564709 ], [ 103.8207927, 1.256457 ], [ 103.8207907, 1.2564393 ], [ 103.8207738, 1.2564523 ], [ 103.8207575, 1.2564557 ], [ 103.8207386, 1.2564517 ], [ 103.8207238, 1.2564404 ], [ 103.8207148, 1.2564227 ], [ 103.8207159, 1.2563988 ], [ 103.8207534, 1.2562835 ], [ 103.8208436, 1.2563201 ], [ 103.8209298, 1.2563644 ], [ 103.8209382, 1.2563848 ], [ 103.8209681, 1.2563763 ], [ 103.8209974, 1.2563824 ], [ 103.8210024, 1.2563653 ], [ 103.8210768, 1.2563171 ], [ 103.8211633, 1.256293 ], [ 103.8212497, 1.2562884 ] ] ] } },
{ "type": "Feature", "properties": { "element": "way", "id": 685029040, "name": null, "building": "retail" }, "geometry": { "type": "Polygon", "coordinates": [ [ [ 103.8205132, 1.2570655 ], [ 103.8203897, 1.2571343 ], [ 103.8204565, 1.2572496 ], [ 103.8205415, 1.2573337 ], [ 103.8206013, 1.2573955 ], [ 103.8206839, 1.2572877 ], [ 103.8206242, 1.2572205 ], [ 103.8205634, 1.257143 ], [ 103.8205132, 1.2570655 ] ] ] } },
{ "type": "Feature", "properties": { "element": "way", "id": 689102078, "name": null, "building": "yes" }, "geometry": { "type": "Polygon", "coordinates": [ [ [ 103.8195776, 1.2548416 ], [ 103.8195502, 1.2547969 ], [ 103.8195953, 1.2547692 ], [ 103.8196227, 1.2548139 ], [ 103.8195776, 1.2548416 ] ] ] } },
{ "type": "Feature", "properties": { "element": "way", "id": 689102079, "name": null, "building": "yes" }, "geometry": { "type": "Polygon", "coordinates": [ [ [ 103.8197069, 1.2547622 ], [ 103.8196795, 1.2547175 ], [ 103.819726, 1.2546889 ], [ 103.8197534, 1.2547336 ], [ 103.8197069, 1.2547622 ] ] ] } },
{ "type": "Feature", "properties": { "element": "way", "id": 689102096, "name": null, "building": "yes" }, "geometry": { "type": "Polygon", "coordinates": [ [ [ 103.8136086, 1.25392 ], [ 103.8135884, 1.2539057 ], [ 103.8136057, 1.2538815 ], [ 103.8136258, 1.2538959 ], [ 103.8136086, 1.25392 ] ] ] } },
{ "type": "Feature", "properties": { "element": "way", "id": 689117563, "name": null, "building": "yes" }, "geometry": { "type": "Polygon", "coordinates": [ [ [ 103.8149523, 1.2526602 ], [ 103.8149419, 1.2526398 ], [ 103.8149701, 1.2526254 ], [ 103.8149805, 1.2526459 ], [ 103.8149523, 1.2526602 ] ] ] } },
{ "type": "Feature", "properties": { "element": "way", "id": 689159151, "name": null, "building": "yes" }, "geometry": { "type": "Polygon", "coordinates": [ [ [ 103.8187176, 1.2585977 ], [ 103.8186761, 1.2585416 ], [ 103.8187156, 1.2585124 ], [ 103.8187571, 1.2585684 ], [ 103.8187176, 1.2585977 ] ] ] } },
{ "type": "Feature", "properties": { "element": "way", "id": 689159153, "name": null, "building": "yes" }, "geometry": { "type": "Polygon", "coordinates": [ [ [ 103.8189199, 1.2581575 ], [ 103.8189174, 1.2581793 ], [ 103.818908, 1.2581992 ], [ 103.8188928, 1.258215 ], [ 103.8188733, 1.2582251 ], [ 103.8188516, 1.2582284 ], [ 103.8188292, 1.2582244 ], [ 103.8188095, 1.2582132 ], [ 103.8187945, 1.2581961 ], [ 103.818786, 1.2581751 ], [ 103.818785, 1.2581524 ], [ 103.8187914, 1.2581307 ], [ 103.8188048, 1.2581123 ], [ 103.8188234, 1.2580993 ], [ 103.8188453, 1.2580933 ], [ 103.8188672, 1.2580946 ], [ 103.8188875, 1.2581028 ], [ 103.8189042, 1.2581171 ], [ 103.8189154, 1.258136 ], [ 103.8189199, 1.2581575 ] ] ] } },
{ "type": "Feature", "properties": { "element": "way", "id": 689159154, "name": null, "building": "yes" }, "geometry": { "type": "Polygon", "coordinates": [ [ [ 103.8187473, 1.2566237 ], [ 103.8187448, 1.2566455 ], [ 103.8187354, 1.2566654 ], [ 103.8187201, 1.2566812 ], [ 103.8187006, 1.2566913 ], [ 103.8186789, 1.2566946 ], [ 103.8186566, 1.2566906 ], [ 103.8186368, 1.2566794 ], [ 103.8186219, 1.2566624 ], [ 103.8186134, 1.2566413 ], [ 103.8186123, 1.2566186 ], [ 103.8186188, 1.2565969 ], [ 103.8186321, 1.2565785 ], [ 103.8186507, 1.2565655 ], [ 103.8186726, 1.2565595 ], [ 103.8186945, 1.2565608 ], [ 103.8187149, 1.256569 ], [ 103.8187315, 1.2565833 ], [ 103.8187427, 1.2566022 ], [ 103.8187473, 1.2566237 ] ] ] } },
{ "type": "Feature", "properties": { "element": "way", "id": 689159155, "name": null, "building": "yes" }, "geometry": { "type": "Polygon", "coordinates": [ [ [ 103.8195321, 1.2586592 ], [ 103.8195714, 1.2586419 ], [ 103.8196195, 1.258669 ], [ 103.8201751, 1.2589119 ], [ 103.8201529, 1.2587267 ], [ 103.8204837, 1.2588626 ], [ 103.8204842, 1.2588754 ], [ 103.8204661, 1.2588997 ], [ 103.8203805, 1.2589602 ], [ 103.8202726, 1.2589779 ], [ 103.820171, 1.2589787 ], [ 103.8198392, 1.2588442 ], [ 103.8196421, 1.2587774 ], [ 103.8195118, 1.2587282 ], [ 103.8195307, 1.2586719 ], [ 103.8195321, 1.2586592 ] ] ] } },
{ "type": "Feature", "properties": { "element": "way", "id": 689975818, "name": null, "building": "yes" }, "geometry": { "type": "Polygon", "coordinates": [ [ [ 103.8236186, 1.2566343 ], [ 103.8235817, 1.2566343 ], [ 103.8235816, 1.2565961 ], [ 103.8236185, 1.256596 ], [ 103.8236183, 1.2566025 ], [ 103.8236184, 1.2566259 ], [ 103.8236186, 1.2566343 ] ] ] } },
{ "type": "Feature", "properties": { "element": "way", "id": 689975820, "name": null, "building": "yes" }, "geometry": { "type": "Polygon", "coordinates": [ [ [ 103.8238435, 1.2566332 ], [ 103.8238066, 1.2566332 ], [ 103.8238064, 1.2566251 ], [ 103.8238063, 1.2566016 ], [ 103.8238065, 1.256595 ], [ 103.8238434, 1.2565949 ], [ 103.8238435, 1.2566332 ] ] ] } },
{ "type": "Feature", "properties": { "element": "way", "id": 765801308, "name": null, "building": "roof" }, "geometry": { "type": "Polygon", "coordinates": [ [ [ 103.8230301, 1.2566178 ], [ 103.8233077, 1.2565133 ], [ 103.8233091, 1.2565012 ], [ 103.8233882, 1.2564985 ], [ 103.823485, 1.256431 ], [ 103.8235877, 1.2562006 ], [ 103.8235501, 1.2561651 ], [ 103.8233556, 1.2562592 ], [ 103.8233144, 1.2561647 ], [ 103.8232058, 1.2562076 ], [ 103.8232125, 1.2562223 ], [ 103.8231066, 1.2562719 ], [ 103.8231535, 1.256351 ], [ 103.823238, 1.2563229 ], [ 103.8232098, 1.2564382 ], [ 103.8229872, 1.25652 ], [ 103.8230301, 1.2566178 ] ] ] } },
{ "type": "Feature", "properties": { "element": "way", "id": 829623146, "name": null, "building": "retail" }, "geometry": { "type": "Polygon", "coordinates": [ [ [ 103.8166176, 1.2522404 ], [ 103.8167125, 1.252223 ], [ 103.8166773, 1.2520301 ], [ 103.8166451, 1.2519751 ], [ 103.816621, 1.2519598 ], [ 103.8165877, 1.2520123 ], [ 103.8165848, 1.252061 ], [ 103.8166176, 1.2522404 ] ] ] } },
{ "type": "Feature", "properties": { "element": "way", "id": 829624592, "name": null, "building": "yes" }, "geometry": { "type": "Polygon", "coordinates": [ [ [ 103.8142665, 1.2568853 ], [ 103.8142849, 1.2568615 ], [ 103.8143046, 1.2568362 ], [ 103.8143419, 1.2568652 ], [ 103.8143038, 1.2569142 ], [ 103.8142665, 1.2568853 ] ] ] } },
{ "type": "Feature", "properties": { "element": "way", "id": 829632954, "name": "Puss In Boots’ Giant Journey", "building": "yes" }, "geometry": { "type": "Polygon", "coordinates": [ [ [ 103.8246842, 1.2546268 ], [ 103.8248655, 1.254424 ], [ 103.8248161, 1.2543798 ], [ 103.8247661, 1.2543351 ], [ 103.8246135, 1.2545057 ], [ 103.8245847, 1.2545378 ], [ 103.8246347, 1.2545825 ], [ 103.8246842, 1.2546268 ] ] ] } },
{ "type": "Feature", "properties": { "element": "way", "id": 832056284, "name": null, "building": "yes" }, "geometry": { "type": "Polygon", "coordinates": [ [ [ 103.8180795, 1.2564022 ], [ 103.8181426, 1.2564507 ], [ 103.8180933, 1.2565149 ], [ 103.8180301, 1.2564664 ], [ 103.8180795, 1.2564022 ] ] ] } },
{ "type": "Feature", "properties": { "element": "way", "id": 832056285, "name": null, "building": "yes" }, "geometry": { "type": "Polygon", "coordinates": [ [ [ 103.8181201, 1.2562675 ], [ 103.8181789, 1.2563102 ], [ 103.8181398, 1.256364 ], [ 103.818081, 1.2563213 ], [ 103.8181201, 1.2562675 ] ] ] } },
{ "type": "Feature", "properties": { "element": "way", "id": 859980404, "name": "Village Hotel @ Sentosa", "building": "yes" }, "geometry": { "type": "Polygon", "coordinates": [ [ [ 103.8192498, 1.2523701 ], [ 103.8191979, 1.252346 ], [ 103.8192636, 1.2522121 ], [ 103.8193537, 1.2522497 ], [ 103.8194443, 1.2522874 ], [ 103.8196717, 1.2518083 ], [ 103.8195661, 1.2517542 ], [ 103.8195118, 1.2517263 ], [ 103.8195989, 1.2515483 ], [ 103.8196161, 1.2515565 ], [ 103.8196636, 1.251579 ], [ 103.8196395, 1.2516232 ], [ 103.8205725, 1.252078 ], [ 103.8202252, 1.2528225 ], [ 103.8192498, 1.2523701 ] ] ] } },
{ "type": "Feature", "properties": { "element": "way", "id": 859980405, "name": null, "building": "yes" }, "geometry": { "type": "Polygon", "coordinates": [ [ [ 103.8193076, 1.2525967 ], [ 103.8191734, 1.2525326 ], [ 103.819199, 1.2524789 ], [ 103.8193332, 1.252543 ], [ 103.8193076, 1.2525967 ] ] ] } },
{ "type": "Feature", "properties": { "element": "way", "id": 859981221, "name": null, "building": "yes" }, "geometry": { "type": "Polygon", "coordinates": [ [ [ 103.8213574, 1.2515933 ], [ 103.8212329, 1.2514409 ], [ 103.8213616, 1.2513359 ], [ 103.8214861, 1.2514882 ], [ 103.8213574, 1.2515933 ] ] ] } },
{ "type": "Feature", "properties": { "element": "way", "id": 1105406200, "name": "The Barracks Hotel", "building": "yes" }, "geometry": { "type": "Polygon", "coordinates": [ [ [ 103.8206715, 1.252366 ], [ 103.8208096, 1.2522564 ], [ 103.820814, 1.2522619 ], [ 103.8208806, 1.252209 ], [ 103.8208681, 1.2521932 ], [ 103.8212169, 1.2519165 ], [ 103.8212237, 1.2519251 ], [ 103.8212783, 1.2518818 ], [ 103.8212689, 1.25187 ], [ 103.8214148, 1.2517544 ], [ 103.8213364, 1.2516556 ], [ 103.8212278, 1.2517416 ], [ 103.8212168, 1.2517278 ], [ 103.8210921, 1.2518266 ], [ 103.821103, 1.2518404 ], [ 103.8210312, 1.2518974 ], [ 103.8209893, 1.2518446 ], [ 103.8209771, 1.2518542 ], [ 103.8209175, 1.2517791 ], [ 103.8208055, 1.2518679 ], [ 103.8208685, 1.2519472 ], [ 103.8208483, 1.2519632 ], [ 103.8208904, 1.2520162 ], [ 103.8208138, 1.252077 ], [ 103.8208066, 1.252068 ], [ 103.8206871, 1.2521629 ], [ 103.8206987, 1.2521775 ], [ 103.8205902, 1.2522637 ], [ 103.8206466, 1.2523346 ], [ 103.8206715, 1.252366 ] ] ] } },
{ "type": "Feature", "properties": { "element": "way", "id": 1105406201, "name": null, "building": "roof" }, "geometry": { "type": "Polygon", "coordinates": [ [ [ 103.8206715, 1.252366 ], [ 103.8206466, 1.2523346 ], [ 103.8205373, 1.2524211 ], [ 103.8207738, 1.2527199 ], [ 103.8208051, 1.2526965 ], [ 103.8205921, 1.2524274 ], [ 103.8206715, 1.252366 ] ] ] } },
{ "type": "Feature", "properties": { "element": "way", "id": 1162545203, "name": null, "building": "yes" }, "geometry": { "type": "Polygon", "coordinates": [ [ [ 103.8185933, 1.2524845 ], [ 103.8186671, 1.2526058 ], [ 103.8187174, 1.252579 ], [ 103.818647, 1.2524543 ], [ 103.8185933, 1.2524845 ] ] ] } },
{ "type": "Feature", "properties": { "element": "way", "id": 1162545236, "name": null, "building": "yes" }, "geometry": { "type": "Polygon", "coordinates": [ [ [ 103.8182936, 1.2534974 ], [ 103.8183479, 1.2534696 ], [ 103.818313, 1.2533989 ], [ 103.8182587, 1.2534277 ], [ 103.8182936, 1.2534974 ] ] ] } },
{ "type": "Feature", "properties": { "element": "way", "id": 1162545243, "name": null, "building": "yes" }, "geometry": { "type": "Polygon", "coordinates": [ [ [ 103.8183881, 1.2534793 ], [ 103.8184555, 1.2536091 ], [ 103.8185279, 1.2535725 ], [ 103.818518, 1.2535525 ], [ 103.8185268, 1.2535477 ], [ 103.8184793, 1.2534565 ], [ 103.8184721, 1.25346 ], [ 103.8184629, 1.2534415 ], [ 103.8183881, 1.2534793 ] ] ] } },
{ "type": "Feature", "properties": { "element": "way", "id": 1178733235, "name": null, "building": "roof" }, "geometry": { "type": "Polygon", "coordinates": [ [ [ 103.8199324, 1.2556361 ], [ 103.8197768, 1.255756 ], [ 103.8196642, 1.2557265 ], [ 103.8196293, 1.2556752 ], [ 103.8196672, 1.2556546 ], [ 103.8197058, 1.2556332 ], [ 103.8197258, 1.2556012 ], [ 103.8197909, 1.2556514 ], [ 103.8198887, 1.255561 ], [ 103.8199151, 1.2556081 ], [ 103.8199324, 1.2556361 ] ] ] } },
{ "type": "Feature", "properties": { "element": "way", "id": 1178733237, "name": null, "building": "roof" }, "geometry": { "type": "Polygon", "coordinates": [ [ [ 103.8196537, 1.2552915 ], [ 103.8195715, 1.2552719 ], [ 103.8196246, 1.2550521 ], [ 103.8195399, 1.2550452 ], [ 103.8196447, 1.2549844 ], [ 103.8196602, 1.2549917 ], [ 103.8196776, 1.2549963 ], [ 103.8196927, 1.2549994 ], [ 103.8196997, 1.2549958 ], [ 103.8196729, 1.2550333 ], [ 103.8196554, 1.2550749 ], [ 103.8196543, 1.2551286 ], [ 103.8196647, 1.2551633 ], [ 103.8196537, 1.2552915 ] ] ] } },
{ "type": "Feature", "properties": { "element": "way", "id": 1178733238, "name": "The Galleria", "building": "retail" }, "geometry": { "type": "Polygon", "coordinates": [ [ [ 103.8190145, 1.2554984 ], [ 103.8190741, 1.2552686 ], [ 103.819162, 1.2551459 ], [ 103.8192371, 1.2550729 ], [ 103.8193692, 1.2549616 ], [ 103.8195776, 1.2548416 ], [ 103.8196065, 1.2548834 ], [ 103.8196038, 1.2549002 ], [ 103.8196049, 1.2549247 ], [ 103.8196078, 1.2549378 ], [ 103.8196256, 1.2549666 ], [ 103.8196447, 1.2549844 ], [ 103.8195399, 1.2550452 ], [ 103.8194624, 1.2550903 ], [ 103.8193531, 1.2551774 ], [ 103.8192719, 1.2552639 ], [ 103.8192042, 1.2553692 ], [ 103.8191841, 1.2554174 ], [ 103.8191465, 1.2555542 ], [ 103.8190269, 1.2555239 ], [ 103.8190323, 1.2555031 ], [ 103.8190145, 1.2554984 ] ] ] } },
{ "type": "Feature", "properties": { "element": "way", "id": 1178733239, "name": null, "building": "yes" }, "geometry": { "type": "Polygon", "coordinates": [ [ [ 103.8200136, 1.2575613 ], [ 103.8199836, 1.2575032 ], [ 103.8200635, 1.2574663 ], [ 103.8200815, 1.2574331 ], [ 103.8201091, 1.2574524 ], [ 103.8201183, 1.2574647 ], [ 103.8201239, 1.2574722 ], [ 103.8201275, 1.2574873 ], [ 103.8200136, 1.2575613 ] ] ] } },
{ "type": "Feature", "properties": { "element": "way", "id": 1178733240, "name": null, "building": "yes" }, "geometry": { "type": "Polygon", "coordinates": [ [ [ 103.8199012, 1.2569992 ], [ 103.8198658, 1.2570389 ], [ 103.8198561, 1.2570178 ], [ 103.8197733, 1.2570561 ], [ 103.8197614, 1.2570277 ], [ 103.8198777, 1.2569497 ], [ 103.8198808, 1.2569734 ], [ 103.8199012, 1.2569992 ] ] ] } },
{ "type": "Feature", "properties": { "element": "way", "id": 1178733241, "name": null, "building": "yes" }, "geometry": { "type": "Polygon", "coordinates": [ [ [ 103.8194644, 1.2567282 ], [ 103.8193812, 1.2567056 ], [ 103.819345, 1.2568403 ], [ 103.8194282, 1.2568627 ], [ 103.8194644, 1.2567282 ] ] ] } },
{ "type": "Feature", "properties": { "element": "way", "id": 1178733251, "name": null, "building": "yes" }, "geometry": { "type": "Polygon", "coordinates": [ [ [ 103.8188499, 1.2565615 ], [ 103.8188247, 1.2566959 ], [ 103.8188414, 1.2567421 ], [ 103.8188113, 1.2567569 ], [ 103.818769, 1.2567716 ], [ 103.8187583, 1.2567408 ], [ 103.8187187, 1.2567589 ], [ 103.8186745, 1.2567656 ], [ 103.8186342, 1.2567582 ], [ 103.8186081, 1.2567408 ], [ 103.8185142, 1.2567213 ], [ 103.8185188, 1.2566916 ], [ 103.8185249, 1.2566516 ], [ 103.8186368, 1.2566794 ], [ 103.8186566, 1.2566906 ], [ 103.8186789, 1.2566946 ], [ 103.8187006, 1.2566913 ], [ 103.8187201, 1.2566812 ], [ 103.8187354, 1.2566654 ], [ 103.8187448, 1.2566455 ], [ 103.8187473, 1.2566237 ], [ 103.8187427, 1.2566022 ], [ 103.8187315, 1.2565833 ], [ 103.8187543, 1.2565356 ], [ 103.8188499, 1.2565615 ] ] ] } },
{ "type": "Feature", "properties": { "element": "way", "id": 1178733253, "name": null, "building": "roof" }, "geometry": { "type": "Polygon", "coordinates": [ [ [ 103.8186588, 1.2562847 ], [ 103.8188113, 1.2563262 ], [ 103.8188491, 1.256187 ], [ 103.8186972, 1.2561455 ], [ 103.8186588, 1.2562847 ] ] ] } },
{ "type": "Feature", "properties": { "element": "way", "id": 1178733261, "name": null, "building": "yes" }, "geometry": { "type": "Polygon", "coordinates": [ [ [ 103.8171412, 1.2583517 ], [ 103.8172013, 1.2583537 ], [ 103.8172029, 1.2583041 ], [ 103.8171429, 1.2583021 ], [ 103.8171412, 1.2583517 ] ] ] } },
{ "type": "Feature", "properties": { "element": "way", "id": 1178733273, "name": null, "building": "yes" }, "geometry": { "type": "Polygon", "coordinates": [ [ [ 103.8196447, 1.2549844 ], [ 103.8196602, 1.2549917 ], [ 103.8196776, 1.2549963 ], [ 103.8196927, 1.2549994 ], [ 103.8196997, 1.2549958 ], [ 103.8197265, 1.254971 ], [ 103.8197406, 1.2549604 ], [ 103.8197607, 1.2549455 ], [ 103.8197909, 1.2549247 ], [ 103.8198244, 1.2549059 ], [ 103.8198606, 1.2548878 ], [ 103.8198882, 1.2548707 ], [ 103.8198727, 1.2548221 ], [ 103.8198452, 1.2547933 ], [ 103.8198951, 1.2547299 ], [ 103.8197962, 1.2546284 ], [ 103.819726, 1.2546889 ], [ 103.8196795, 1.2547175 ], [ 103.8196321, 1.2547466 ], [ 103.8195953, 1.2547692 ], [ 103.8195502, 1.2547969 ], [ 103.8195776, 1.2548416 ], [ 103.8196065, 1.2548834 ], [ 103.8196038, 1.2549002 ], [ 103.8196049, 1.2549247 ], [ 103.8196078, 1.2549378 ], [ 103.8196256, 1.2549666 ], [ 103.8196447, 1.2549844 ] ] ] } },
{ "type": "Feature", "properties": { "element": "way", "id": 1178736296, "name": null, "building": "yes" }, "geometry": { "type": "Polygon", "coordinates": [ [ [ 103.815912, 1.2585758 ], [ 103.8158666, 1.258515 ], [ 103.8158032, 1.2585622 ], [ 103.8158485, 1.2586231 ], [ 103.815912, 1.2585758 ] ] ] } },
{ "type": "Feature", "properties": { "element": "way", "id": 1178736297, "name": null, "building": "yes" }, "geometry": { "type": "Polygon", "coordinates": [ [ [ 103.8159225, 1.258817 ], [ 103.8160042, 1.2587562 ], [ 103.8159581, 1.2586943 ], [ 103.8158764, 1.2587551 ], [ 103.8159225, 1.258817 ] ] ] } },
{ "type": "Feature", "properties": { "element": "way", "id": 1178736298, "name": null, "building": "yes" }, "geometry": { "type": "Polygon", "coordinates": [ [ [ 103.816221, 1.2588513 ], [ 103.8161827, 1.2587998 ], [ 103.8161471, 1.258752 ], [ 103.8160908, 1.2587939 ], [ 103.8161218, 1.2588355 ], [ 103.8160887, 1.2588602 ], [ 103.8160644, 1.2588277 ], [ 103.8160275, 1.2588551 ], [ 103.8160954, 1.2589462 ], [ 103.8161318, 1.2589192 ], [ 103.8161043, 1.2588822 ], [ 103.8161374, 1.2588576 ], [ 103.8161642, 1.2588936 ], [ 103.816221, 1.2588513 ] ] ] } },
{ "type": "Feature", "properties": { "element": "way", "id": 1178739614, "name": null, "building": "retail" }, "geometry": { "type": "Polygon", "coordinates": [ [ [ 103.8211849, 1.2561626 ], [ 103.8212132, 1.2561701 ], [ 103.8212208, 1.2561409 ], [ 103.8211922, 1.2561334 ], [ 103.8211849, 1.2561626 ] ] ] } },
{ "type": "Feature", "properties": { "element": "way", "id": 1178739615, "name": null, "building": "retail" }, "geometry": { "type": "Polygon", "coordinates": [ [ [ 103.8210469, 1.2561259 ], [ 103.8210798, 1.2561345 ], [ 103.8210867, 1.2561081 ], [ 103.8210541, 1.2560995 ], [ 103.8210469, 1.2561259 ] ] ] } },
{ "type": "Feature", "properties": { "element": "way", "id": 1178739616, "name": null, "building": "retail" }, "geometry": { "type": "Polygon", "coordinates": [ [ [ 103.8213111, 1.2561984 ], [ 103.8213678, 1.2561403 ], [ 103.8212886, 1.2560632 ], [ 103.8212319, 1.2561213 ], [ 103.8213111, 1.2561984 ] ] ] } },
{ "type": "Feature", "properties": { "element": "way", "id": 1178739617, "name": null, "building": "roof" }, "geometry": { "type": "Polygon", "coordinates": [ [ [ 103.8216017, 1.2564541 ], [ 103.8215625, 1.2564854 ], [ 103.8215196, 1.2564545 ], [ 103.8214898, 1.2564352 ], [ 103.8214486, 1.2563858 ], [ 103.8214042, 1.2563326 ], [ 103.8213805, 1.2562729 ], [ 103.8214191, 1.2562398 ], [ 103.8214506, 1.2562768 ], [ 103.8215041, 1.2563395 ], [ 103.8215192, 1.2563572 ], [ 103.8215729, 1.2564202 ], [ 103.8216017, 1.2564541 ] ] ] } },
{ "type": "Feature", "properties": { "element": "way", "id": 1178739621, "name": null, "building": "retail" }, "geometry": { "type": "Polygon", "coordinates": [ [ [ 103.8207854, 1.2561072 ], [ 103.8208137, 1.2561529 ], [ 103.8208625, 1.2561643 ], [ 103.8209082, 1.256136 ], [ 103.8209196, 1.2560873 ], [ 103.8208913, 1.2560416 ], [ 103.8208425, 1.2560302 ], [ 103.8208098, 1.2560505 ], [ 103.8207969, 1.2560585 ], [ 103.8207894, 1.2560904 ], [ 103.8207854, 1.2561072 ] ] ] } },
{ "type": "Feature", "properties": { "element": "way", "id": 1178739622, "name": null, "building": "retail" }, "geometry": { "type": "Polygon", "coordinates": [ [ [ 103.8207647, 1.2562606 ], [ 103.8207701, 1.2562383 ], [ 103.8207764, 1.2562126 ], [ 103.8207822, 1.2561887 ], [ 103.8207888, 1.2561616 ], [ 103.8209744, 1.2562067 ], [ 103.8209504, 1.2563056 ], [ 103.8207647, 1.2562606 ] ] ] } },
{ "type": "Feature", "properties": { "element": "way", "id": 1230588357, "name": "Kailash Parbat", "building": "yes" }, "geometry": { "type": "Polygon", "coordinates": [ [ [ 103.8177386, 1.2550878 ], [ 103.8177303, 1.2550027 ], [ 103.817771, 1.2549987 ], [ 103.8177793, 1.2550839 ], [ 103.8177386, 1.2550878 ] ] ] } },
{ "type": "Feature", "properties": { "element": "way", "id": 1236578853, "name": "Imbiah Tower", "building": "yes" }, "geometry": { "type": "Polygon", "coordinates": [ [ [ 103.8144254, 1.2566555 ], [ 103.8144875, 1.2566345 ], [ 103.8145121, 1.2567073 ], [ 103.8144501, 1.2567283 ], [ 103.8144254, 1.2566555 ] ] ] } },
{ "type": "Feature", "properties": { "element": "way", "id": 1447689138, "name": null, "building": "hotel" }, "geometry": { "type": "Polygon", "coordinates": [ [ [ 103.8264225, 1.2466262 ], [ 103.8262104, 1.246708 ], [ 103.8262427, 1.2467915 ], [ 103.8261643, 1.2468217 ], [ 103.8262251, 1.2469794 ], [ 103.8265466, 1.2468554 ], [ 103.8264932, 1.2467168 ], [ 103.8264621, 1.2467288 ], [ 103.8264225, 1.2466262 ] ] ] } },
{ "type": "Feature", "properties": { "element": "way", "id": 1447689139, "name": null, "building": "hotel" }, "geometry": { "type": "Polygon", "coordinates": [ [ [ 103.8268394, 1.247698 ], [ 103.826796, 1.2477692 ], [ 103.826882, 1.2478215 ], [ 103.8269266, 1.2477482 ], [ 103.8269597, 1.2477684 ], [ 103.8270099, 1.247799 ], [ 103.8270372, 1.2477544 ], [ 103.8269869, 1.2477238 ], [ 103.826956, 1.2477049 ], [ 103.8269993, 1.2476338 ], [ 103.8269151, 1.2475824 ], [ 103.826871, 1.2476548 ], [ 103.8268285, 1.2476288 ], [ 103.8268139, 1.2476527 ], [ 103.8268007, 1.2476744 ], [ 103.8268394, 1.247698 ] ] ] } },
{ "type": "Feature", "properties": { "element": "way", "id": 1447689140, "name": null, "building": "hotel" }, "geometry": { "type": "Polygon", "coordinates": [ [ [ 103.8266844, 1.2474389 ], [ 103.8266256, 1.2475183 ], [ 103.8266697, 1.247551 ], [ 103.8266562, 1.2475693 ], [ 103.8267078, 1.2476076 ], [ 103.8267419, 1.2475617 ], [ 103.8266972, 1.2475285 ], [ 103.8267355, 1.2474768 ], [ 103.8266844, 1.2474389 ] ] ] } },
{ "type": "Feature", "properties": { "element": "way", "id": 1447689142, "name": null, "building": "hotel" }, "geometry": { "type": "Polygon", "coordinates": [ [ [ 103.8267551, 1.2473029 ], [ 103.8266753, 1.2474061 ], [ 103.826723, 1.2474429 ], [ 103.8267666, 1.2473865 ], [ 103.8268087, 1.247419 ], [ 103.8268449, 1.2473721 ], [ 103.8267551, 1.2473029 ] ] ] } },
{ "type": "Feature", "properties": { "element": "way", "id": 1447689144, "name": null, "building": "hotel" }, "geometry": { "type": "Polygon", "coordinates": [ [ [ 103.8268384, 1.2471835 ], [ 103.8267657, 1.2472792 ], [ 103.8268112, 1.2473138 ], [ 103.8268453, 1.2472691 ], [ 103.8268999, 1.2473106 ], [ 103.8269386, 1.2472597 ], [ 103.8268384, 1.2471835 ] ] ] } },
{ "type": "Feature", "properties": { "element": "way", "id": 1447689146, "name": null, "building": "hotel" }, "geometry": { "type": "Polygon", "coordinates": [ [ [ 103.8268256, 1.247145 ], [ 103.8268707, 1.2471787 ], [ 103.8268956, 1.2471453 ], [ 103.82698, 1.2472082 ], [ 103.8270145, 1.247162 ], [ 103.8269259, 1.2470959 ], [ 103.8269057, 1.247123 ], [ 103.8268648, 1.2470924 ], [ 103.8268256, 1.247145 ] ] ] } },
{ "type": "Feature", "properties": { "element": "way", "id": 1447689148, "name": null, "building": "hotel" }, "geometry": { "type": "Polygon", "coordinates": [ [ [ 103.8270447, 1.2471559 ], [ 103.8270056, 1.2472073 ], [ 103.8270568, 1.2472463 ], [ 103.827093, 1.2471989 ], [ 103.8271383, 1.2472335 ], [ 103.8271733, 1.2471876 ], [ 103.8270941, 1.2471273 ], [ 103.8270621, 1.2471692 ], [ 103.8270447, 1.2471559 ] ] ] } },
{ "type": "Feature", "properties": { "element": "way", "id": 1447689149, "name": null, "building": "hotel" }, "geometry": { "type": "Polygon", "coordinates": [ [ [ 103.8272198, 1.2472015 ], [ 103.827153, 1.2472916 ], [ 103.8271992, 1.2473258 ], [ 103.8272625, 1.2472403 ], [ 103.8272948, 1.2472643 ], [ 103.8273277, 1.2472199 ], [ 103.8272776, 1.2471829 ], [ 103.8272482, 1.2472226 ], [ 103.8272198, 1.2472015 ] ] ] } },
{ "type": "Feature", "properties": { "element": "way", "id": 1447689150, "name": null, "building": "hotel" }, "geometry": { "type": "Polygon", "coordinates": [ [ [ 103.8273117, 1.2472841 ], [ 103.8272774, 1.2473289 ], [ 103.8273248, 1.2473652 ], [ 103.8273373, 1.247349 ], [ 103.8273826, 1.2473837 ], [ 103.8274416, 1.2473068 ], [ 103.827395, 1.2472711 ], [ 103.827358, 1.2473195 ], [ 103.8273117, 1.2472841 ] ] ] } },
{ "type": "Feature", "properties": { "element": "way", "id": 1447689151, "name": null, "building": "hotel" }, "geometry": { "type": "Polygon", "coordinates": [ [ [ 103.8273067, 1.2473712 ], [ 103.8272711, 1.2474178 ], [ 103.8272854, 1.2474287 ], [ 103.8272207, 1.2475135 ], [ 103.8272685, 1.24755 ], [ 103.8273371, 1.2474601 ], [ 103.8273207, 1.2474476 ], [ 103.8273524, 1.2474061 ], [ 103.8273067, 1.2473712 ] ] ] } },
{ "type": "Feature", "properties": { "element": "way", "id": 1447689156, "name": null, "building": "hotel" }, "geometry": { "type": "Polygon", "coordinates": [ [ [ 103.8274181, 1.247629 ], [ 103.8272691, 1.2475901 ], [ 103.8272464, 1.2476771 ], [ 103.8272789, 1.2476856 ], [ 103.8272717, 1.2477131 ], [ 103.8273296, 1.2477283 ], [ 103.8273433, 1.2476759 ], [ 103.8274018, 1.2476912 ], [ 103.8274181, 1.247629 ] ] ] } },
{ "type": "Feature", "properties": { "element": "way", "id": 1447689157, "name": null, "building": "hotel" }, "geometry": { "type": "Polygon", "coordinates": [ [ [ 103.8273347, 1.2475166 ], [ 103.8273193, 1.2475757 ], [ 103.8273751, 1.2475902 ], [ 103.8273889, 1.2475371 ], [ 103.8274559, 1.2475545 ], [ 103.8274715, 1.2474945 ], [ 103.8273861, 1.2474723 ], [ 103.8273802, 1.247495 ], [ 103.8273684, 1.247492 ], [ 103.8273603, 1.2475232 ], [ 103.8273347, 1.2475166 ] ] ] } },
{ "type": "Feature", "properties": { "element": "way", "id": 1447689158, "name": null, "building": "hotel" }, "geometry": { "type": "Polygon", "coordinates": [ [ [ 103.8274374, 1.2476115 ], [ 103.8274004, 1.2477487 ], [ 103.8274494, 1.2477619 ], [ 103.8274685, 1.247691 ], [ 103.8274787, 1.2476937 ], [ 103.827491, 1.2476483 ], [ 103.8275303, 1.247659 ], [ 103.8275536, 1.2475728 ], [ 103.8275022, 1.2475589 ], [ 103.8274944, 1.2475878 ], [ 103.8274735, 1.2475822 ], [ 103.8274636, 1.2476186 ], [ 103.8274374, 1.2476115 ] ] ] } },
{ "type": "Feature", "properties": { "element": "way", "id": 1447689162, "name": null, "building": "hotel" }, "geometry": { "type": "Polygon", "coordinates": [ [ [ 103.8274473, 1.2473597 ], [ 103.8274287, 1.2474244 ], [ 103.8274868, 1.2474411 ], [ 103.8274991, 1.2473983 ], [ 103.8275965, 1.2474262 ], [ 103.827611, 1.2473754 ], [ 103.8274731, 1.2473359 ], [ 103.8274648, 1.2473647 ], [ 103.8274473, 1.2473597 ] ] ] } },
{ "type": "Feature", "properties": { "element": "way", "id": 1447689163, "name": null, "building": "hotel" }, "geometry": { "type": "Polygon", "coordinates": [ [ [ 103.8274982, 1.2472512 ], [ 103.8274813, 1.2473127 ], [ 103.8275385, 1.2473284 ], [ 103.8275508, 1.2472839 ], [ 103.8276486, 1.2473108 ], [ 103.8276626, 1.2472599 ], [ 103.8276031, 1.2472434 ], [ 103.8275828, 1.2472379 ], [ 103.8275906, 1.2472099 ], [ 103.8275342, 1.2471944 ], [ 103.827526, 1.2472242 ], [ 103.8275174, 1.2472219 ], [ 103.8275085, 1.2472541 ], [ 103.8274982, 1.2472512 ] ] ] } },
{ "type": "Feature", "properties": { "element": "way", "id": 1447689167, "name": null, "building": "hotel" }, "geometry": { "type": "Polygon", "coordinates": [ [ [ 103.8273661, 1.2470699 ], [ 103.8273061, 1.2471484 ], [ 103.827354, 1.247185 ], [ 103.827395, 1.2471313 ], [ 103.8274896, 1.2472037 ], [ 103.8275246, 1.247158 ], [ 103.8274141, 1.2470736 ], [ 103.8273982, 1.2470945 ], [ 103.8273661, 1.2470699 ] ] ] } },
{ "type": "Feature", "properties": { "element": "way", "id": 1447689168, "name": null, "building": "hotel" }, "geometry": { "type": "Polygon", "coordinates": [ [ [ 103.8271697, 1.247033 ], [ 103.8271111, 1.2471105 ], [ 103.8271564, 1.2471448 ], [ 103.8271898, 1.2471007 ], [ 103.8272439, 1.2471415 ], [ 103.8272821, 1.247091 ], [ 103.8272126, 1.2470384 ], [ 103.8271995, 1.2470556 ], [ 103.8271697, 1.247033 ] ] ] } },
{ "type": "Feature", "properties": { "element": "way", "id": 1447689169, "name": null, "building": "hotel" }, "geometry": { "type": "Polygon", "coordinates": [ [ [ 103.826993, 1.2469708 ], [ 103.8269287, 1.2470486 ], [ 103.8269764, 1.247088 ], [ 103.8270192, 1.2470362 ], [ 103.8270598, 1.2470697 ], [ 103.8270956, 1.2470264 ], [ 103.8270485, 1.2469875 ], [ 103.8270341, 1.2470048 ], [ 103.826993, 1.2469708 ] ] ] } },
{ "type": "Feature", "properties": { "element": "way", "id": 1447689170, "name": null, "building": "hotel" }, "geometry": { "type": "Polygon", "coordinates": [ [ [ 103.8268846, 1.2468694 ], [ 103.8268418, 1.2469223 ], [ 103.8268924, 1.2469633 ], [ 103.8268585, 1.2470052 ], [ 103.8269026, 1.2470409 ], [ 103.8269402, 1.2469944 ], [ 103.8269221, 1.2469798 ], [ 103.8269612, 1.2469313 ], [ 103.8268846, 1.2468694 ] ] ] } },
{ "type": "Feature", "properties": { "element": "way", "id": 1447689171, "name": null, "building": "hotel" }, "geometry": { "type": "Polygon", "coordinates": [ [ [ 103.8267755, 1.2467811 ], [ 103.8267396, 1.2468258 ], [ 103.8267887, 1.2468653 ], [ 103.8267514, 1.2469117 ], [ 103.8268048, 1.2469545 ], [ 103.8268453, 1.2469041 ], [ 103.8268196, 1.2468834 ], [ 103.8268523, 1.2468428 ], [ 103.8267755, 1.2467811 ] ] ] } },
{ "type": "Feature", "properties": { "element": "way", "id": 1447689176, "name": null, "building": "hotel" }, "geometry": { "type": "Polygon", "coordinates": [ [ [ 103.826175, 1.2470477 ], [ 103.8260243, 1.2472286 ], [ 103.8261052, 1.247296 ], [ 103.8261564, 1.2472346 ], [ 103.8261898, 1.2472623 ], [ 103.8262359, 1.247207 ], [ 103.826248, 1.2472171 ], [ 103.8263746, 1.2470652 ], [ 103.8263085, 1.2470101 ], [ 103.8262353, 1.2470979 ], [ 103.826175, 1.2470477 ] ] ] } },
{ "type": "Feature", "properties": { "element": "way", "id": 1447689178, "name": null, "building": "hotel" }, "geometry": { "type": "Polygon", "coordinates": [ [ [ 103.8260092, 1.2476302 ], [ 103.8259877, 1.2474954 ], [ 103.826003, 1.247493 ], [ 103.8259937, 1.247435 ], [ 103.8259722, 1.2474384 ], [ 103.8259634, 1.247383 ], [ 103.8259381, 1.247387 ], [ 103.8259361, 1.247374 ], [ 103.8257974, 1.2473961 ], [ 103.8258389, 1.2476573 ], [ 103.8260092, 1.2476302 ] ] ] } },
{ "type": "Feature", "properties": { "element": "way", "id": 1447689179, "name": null, "building": "hotel" }, "geometry": { "type": "Polygon", "coordinates": [ [ [ 103.8267335, 1.2472675 ], [ 103.8266985, 1.2472241 ], [ 103.8266566, 1.2472579 ], [ 103.8266619, 1.2472646 ], [ 103.8265844, 1.2473272 ], [ 103.8266242, 1.2473763 ], [ 103.8267108, 1.2473063 ], [ 103.8267008, 1.2472939 ], [ 103.8267335, 1.2472675 ] ] ] } },
{ "type": "Feature", "properties": { "element": "way", "id": 1447689180, "name": null, "building": "hotel" }, "geometry": { "type": "Polygon", "coordinates": [ [ [ 103.8265128, 1.2473759 ], [ 103.8264873, 1.2473969 ], [ 103.8265582, 1.247483 ], [ 103.8266022, 1.2474469 ], [ 103.8265338, 1.2473638 ], [ 103.8265661, 1.2473372 ], [ 103.8265297, 1.2472929 ], [ 103.8264789, 1.2473347 ], [ 103.8265128, 1.2473759 ] ] ] } },
{ "type": "Feature", "properties": { "element": "way", "id": 1447689183, "name": null, "building": "hotel" }, "geometry": { "type": "Polygon", "coordinates": [ [ [ 103.8266833, 1.2470044 ], [ 103.8266368, 1.2470482 ], [ 103.8266409, 1.2470531 ], [ 103.8266118, 1.2470808 ], [ 103.8266444, 1.2471184 ], [ 103.826766, 1.2470075 ], [ 103.8267008, 1.2469329 ], [ 103.8266574, 1.2469735 ], [ 103.8266833, 1.2470044 ] ] ] } },
{ "type": "Feature", "properties": { "element": "way", "id": 1447689184, "name": null, "building": "hotel" }, "geometry": { "type": "Polygon", "coordinates": [ [ [ 103.8266294, 1.2471431 ], [ 103.8265626, 1.2470663 ], [ 103.8265155, 1.2471073 ], [ 103.8265594, 1.2471578 ], [ 103.8265174, 1.2471944 ], [ 103.8265545, 1.2472371 ], [ 103.8266002, 1.2471974 ], [ 103.8265859, 1.247181 ], [ 103.8266294, 1.2471431 ] ] ] } },
{ "type": "Feature", "properties": { "element": "way", "id": 1447689185, "name": null, "building": "hotel" }, "geometry": { "type": "Polygon", "coordinates": [ [ [ 103.8264477, 1.2471476 ], [ 103.8263997, 1.2471891 ], [ 103.8264446, 1.247241 ], [ 103.8264022, 1.2472776 ], [ 103.8264388, 1.2473199 ], [ 103.8264857, 1.2472793 ], [ 103.8264695, 1.2472605 ], [ 103.8265129, 1.247223 ], [ 103.8264477, 1.2471476 ] ] ] } },
{ "type": "Feature", "properties": { "element": "way", "id": 1447689190, "name": null, "building": "hotel" }, "geometry": { "type": "Polygon", "coordinates": [ [ [ 103.8262915, 1.247335 ], [ 103.8262516, 1.2473762 ], [ 103.8262933, 1.2474166 ], [ 103.8263383, 1.24737 ], [ 103.8263211, 1.2473533 ], [ 103.8263592, 1.247314 ], [ 103.8262878, 1.2472449 ], [ 103.8262445, 1.2472895 ], [ 103.8262915, 1.247335 ] ] ] } },
{ "type": "Feature", "properties": { "element": "way", "id": 1447689191, "name": null, "building": "hotel" }, "geometry": { "type": "Polygon", "coordinates": [ [ [ 103.8260836, 1.2473954 ], [ 103.826095, 1.247463 ], [ 103.8261016, 1.2474619 ], [ 103.8261186, 1.2475624 ], [ 103.8261866, 1.2475509 ], [ 103.826181, 1.2475177 ], [ 103.8261732, 1.247519 ], [ 103.8261603, 1.2474421 ], [ 103.82615, 1.2474439 ], [ 103.8261425, 1.2473989 ], [ 103.8261249, 1.2474018 ], [ 103.8261227, 1.2473888 ], [ 103.8260836, 1.2473954 ] ] ] } },
{ "type": "Feature", "properties": { "element": "way", "id": 1447689194, "name": null, "building": "hotel" }, "geometry": { "type": "Polygon", "coordinates": [ [ [ 103.8261714, 1.2475829 ], [ 103.8262178, 1.2476351 ], [ 103.826179, 1.2476696 ], [ 103.8261859, 1.2476774 ], [ 103.8261326, 1.2477248 ], [ 103.8261643, 1.2477605 ], [ 103.8262687, 1.2476676 ], [ 103.826251, 1.2476477 ], [ 103.8262827, 1.2476194 ], [ 103.8262155, 1.2475438 ], [ 103.8261714, 1.2475829 ] ] ] } },
{ "type": "Feature", "properties": { "element": "way", "id": 1447689195, "name": null, "building": "hotel" }, "geometry": { "type": "Polygon", "coordinates": [ [ [ 103.8263021, 1.2477159 ], [ 103.8262163, 1.2477937 ], [ 103.8262529, 1.247834 ], [ 103.8263416, 1.2477536 ], [ 103.8263201, 1.2477299 ], [ 103.8263603, 1.2476934 ], [ 103.826318, 1.2476467 ], [ 103.8262748, 1.2476859 ], [ 103.8263021, 1.2477159 ] ] ] } },
{ "type": "Feature", "properties": { "element": "way", "id": 1447689197, "name": null, "building": "hotel" }, "geometry": { "type": "Polygon", "coordinates": [ [ [ 103.826385, 1.2478238 ], [ 103.8263375, 1.247866 ], [ 103.8263763, 1.2479096 ], [ 103.8264498, 1.2478443 ], [ 103.8264149, 1.247805 ], [ 103.8264324, 1.2477895 ], [ 103.826391, 1.247743 ], [ 103.8263475, 1.2477817 ], [ 103.826385, 1.2478238 ] ] ] } },
{ "type": "Feature", "properties": { "element": "way", "id": 1447689199, "name": null, "building": "hotel" }, "geometry": { "type": "Polygon", "coordinates": [ [ [ 103.8265097, 1.2478452 ], [ 103.826394, 1.2479454 ], [ 103.8264345, 1.2479921 ], [ 103.8265502, 1.247892 ], [ 103.8265097, 1.2478452 ] ] ] } },
{ "type": "Feature", "properties": { "element": "way", "id": 1447689200, "name": null, "building": "hotel" }, "geometry": { "type": "Polygon", "coordinates": [ [ [ 103.8266381, 1.2478764 ], [ 103.8264641, 1.2480276 ], [ 103.8265036, 1.2480731 ], [ 103.8265965, 1.2479925 ], [ 103.8266563, 1.2480614 ], [ 103.8265666, 1.2481393 ], [ 103.8266012, 1.2481792 ], [ 103.8266376, 1.2481476 ], [ 103.8266522, 1.2481643 ], [ 103.8267172, 1.2481079 ], [ 103.8267303, 1.248123 ], [ 103.8267855, 1.248075 ], [ 103.826685, 1.2479594 ], [ 103.8266994, 1.2479469 ], [ 103.8266381, 1.2478764 ] ] ] } },
{ "type": "Feature", "properties": { "element": "way", "id": 1447689203, "name": null, "building": "hotel" }, "geometry": { "type": "Polygon", "coordinates": [ [ [ 103.82641, 1.2474151 ], [ 103.8263112, 1.24749 ], [ 103.8263452, 1.2475347 ], [ 103.8264418, 1.2474613 ], [ 103.8264488, 1.2474706 ], [ 103.8264728, 1.2474523 ], [ 103.826441, 1.2474104 ], [ 103.8264191, 1.247427 ], [ 103.82641, 1.2474151 ] ] ] } },
{ "type": "Feature", "properties": { "element": "way", "id": 1447689204, "name": null, "building": "hotel" }, "geometry": { "type": "Polygon", "coordinates": [ [ [ 103.8264385, 1.2475482 ], [ 103.8263472, 1.2476163 ], [ 103.8263826, 1.2476637 ], [ 103.8264798, 1.2475912 ], [ 103.8264575, 1.2475613 ], [ 103.8264984, 1.2475308 ], [ 103.8264612, 1.2474809 ], [ 103.8264143, 1.2475158 ], [ 103.8264385, 1.2475482 ] ] ] } },
{ "type": "Feature", "properties": { "element": "way", "id": 1447689205, "name": null, "building": "hotel" }, "geometry": { "type": "Polygon", "coordinates": [ [ [ 103.8265171, 1.2475832 ], [ 103.8264315, 1.2476483 ], [ 103.8264522, 1.2476756 ], [ 103.8264097, 1.2477079 ], [ 103.8264481, 1.2477584 ], [ 103.8264943, 1.2477233 ], [ 103.8264693, 1.2476904 ], [ 103.8265215, 1.2476507 ], [ 103.8265155, 1.2476428 ], [ 103.8265453, 1.2476202 ], [ 103.8265171, 1.2475832 ] ] ] } },
{ "type": "Feature", "properties": { "element": "way", "id": 1447689206, "name": null, "building": "hotel" }, "geometry": { "type": "Polygon", "coordinates": [ [ [ 103.826596, 1.247671 ], [ 103.8264993, 1.2477457 ], [ 103.826504, 1.2477518 ], [ 103.8264692, 1.2477786 ], [ 103.8265264, 1.2478527 ], [ 103.8265767, 1.2478139 ], [ 103.8265493, 1.2477784 ], [ 103.8265982, 1.2477407 ], [ 103.8265923, 1.2477331 ], [ 103.8266247, 1.2477081 ], [ 103.826596, 1.247671 ] ] ] } },
{ "type": "Feature", "properties": { "element": "way", "id": 1447689207, "name": null, "building": "hotel" }, "geometry": { "type": "Polygon", "coordinates": [ [ [ 103.8266493, 1.2477985 ], [ 103.826607, 1.2478346 ], [ 103.8266298, 1.2478613 ], [ 103.8266373, 1.2478549 ], [ 103.8266795, 1.2479044 ], [ 103.826687, 1.247898 ], [ 103.8267241, 1.2479415 ], [ 103.8267679, 1.2479042 ], [ 103.8267336, 1.247864 ], [ 103.8267248, 1.2478681 ], [ 103.8266775, 1.2478127 ], [ 103.8266681, 1.2478207 ], [ 103.8266493, 1.2477985 ] ] ] } },
{ "type": "Feature", "properties": { "element": "way", "id": 1447689208, "name": null, "building": "hotel" }, "geometry": { "type": "Polygon", "coordinates": [ [ [ 103.8268169, 1.2478823 ], [ 103.8267932, 1.2479032 ], [ 103.8268023, 1.2479134 ], [ 103.8267531, 1.2479569 ], [ 103.826789, 1.2479975 ], [ 103.8267707, 1.2480137 ], [ 103.8268107, 1.2480589 ], [ 103.8268518, 1.2480226 ], [ 103.8268117, 1.2479774 ], [ 103.8268618, 1.247933 ], [ 103.8268169, 1.2478823 ] ] ] } },
{ "type": "Feature", "properties": { "element": "way", "id": 1447689215, "name": null, "building": "hotel" }, "geometry": { "type": "Polygon", "coordinates": [ [ [ 103.8266947, 1.2467767 ], [ 103.8267331, 1.246729 ], [ 103.8266569, 1.2466678 ], [ 103.8266244, 1.2467083 ], [ 103.8266069, 1.2466942 ], [ 103.8265669, 1.246744 ], [ 103.8266087, 1.2467776 ], [ 103.826643, 1.2467351 ], [ 103.8266947, 1.2467767 ] ] ] } },
{ "type": "Feature", "properties": { "element": "way", "id": 1447689216, "name": null, "building": "hotel" }, "geometry": { "type": "Polygon", "coordinates": [ [ [ 103.8265711, 1.2467059 ], [ 103.8266291, 1.2466358 ], [ 103.8265857, 1.2465999 ], [ 103.8265604, 1.2466304 ], [ 103.8265086, 1.2465875 ], [ 103.8265032, 1.2465941 ], [ 103.8264727, 1.2465688 ], [ 103.8264389, 1.2466096 ], [ 103.8265227, 1.2466789 ], [ 103.8265291, 1.2466712 ], [ 103.8265711, 1.2467059 ] ] ] } },
{ "type": "Feature", "properties": { "element": "way", "id": 1447689219, "name": null, "building": "hotel" }, "geometry": { "type": "Polygon", "coordinates": [ [ [ 103.8265982, 1.2464532 ], [ 103.8265492, 1.2464121 ], [ 103.8265096, 1.2464592 ], [ 103.8265856, 1.2465229 ], [ 103.8266043, 1.2465006 ], [ 103.8266132, 1.2465081 ], [ 103.8266398, 1.2464763 ], [ 103.8266474, 1.2464827 ], [ 103.8266759, 1.2464487 ], [ 103.8266325, 1.2464123 ], [ 103.8265982, 1.2464532 ] ] ] } },
{ "type": "Feature", "properties": { "element": "way", "id": 1447689220, "name": null, "building": "hotel" }, "geometry": { "type": "Polygon", "coordinates": [ [ [ 103.8267502, 1.2462888 ], [ 103.8266939, 1.2463557 ], [ 103.8266862, 1.2463492 ], [ 103.8266475, 1.2463952 ], [ 103.8266987, 1.2464383 ], [ 103.826777, 1.2463453 ], [ 103.8267814, 1.2463491 ], [ 103.8267982, 1.2463292 ], [ 103.8267502, 1.2462888 ] ] ] } },
{ "type": "Feature", "properties": { "element": "way", "id": 1447689221, "name": null, "building": "hotel" }, "geometry": { "type": "Polygon", "coordinates": [ [ [ 103.8267463, 1.2462792 ], [ 103.8267971, 1.246323 ], [ 103.8268765, 1.246231 ], [ 103.8268814, 1.2462353 ], [ 103.8269015, 1.246212 ], [ 103.8268537, 1.2461707 ], [ 103.8267908, 1.2462435 ], [ 103.826783, 1.2462367 ], [ 103.8267463, 1.2462792 ] ] ] } },
{ "type": "Feature", "properties": { "element": "way", "id": 1447689246, "name": null, "building": "hotel" }, "geometry": { "type": "Polygon", "coordinates": [ [ [ 103.8265525, 1.246195 ], [ 103.8265122, 1.2462435 ], [ 103.8265901, 1.2463082 ], [ 103.8266275, 1.2462631 ], [ 103.8266438, 1.2462767 ], [ 103.8266835, 1.2462289 ], [ 103.8266409, 1.2461935 ], [ 103.8266041, 1.2462378 ], [ 103.8265525, 1.246195 ] ] ] } },
{ "type": "Feature", "properties": { "element": "way", "id": 1447689247, "name": null, "building": "hotel" }, "geometry": { "type": "Polygon", "coordinates": [ [ [ 103.8265855, 1.2463392 ], [ 103.826543, 1.2463043 ], [ 103.8265061, 1.2463494 ], [ 103.8264525, 1.2463054 ], [ 103.8264134, 1.246353 ], [ 103.8264915, 1.246417 ], [ 103.826526, 1.246375 ], [ 103.8265439, 1.2463898 ], [ 103.8265855, 1.2463392 ] ] ] } },
{ "type": "Feature", "properties": { "element": "way", "id": 1447689248, "name": null, "building": "hotel" }, "geometry": { "type": "Polygon", "coordinates": [ [ [ 103.8264416, 1.2464601 ], [ 103.8263389, 1.2463491 ], [ 103.826306, 1.2463796 ], [ 103.8263326, 1.2464083 ], [ 103.8263259, 1.2464145 ], [ 103.8263706, 1.2464626 ], [ 103.8263401, 1.2464908 ], [ 103.82638, 1.2465338 ], [ 103.8264183, 1.2464983 ], [ 103.82641, 1.2464893 ], [ 103.8264416, 1.2464601 ] ] ] } },
{ "type": "Feature", "properties": { "element": "way", "id": 1447689249, "name": null, "building": "hotel" }, "geometry": { "type": "Polygon", "coordinates": [ [ [ 103.8262592, 1.2463143 ], [ 103.8262878, 1.2463518 ], [ 103.826373, 1.246287 ], [ 103.8263521, 1.2462596 ], [ 103.8263927, 1.2462287 ], [ 103.8263537, 1.2461776 ], [ 103.8263085, 1.246212 ], [ 103.826334, 1.2462456 ], [ 103.8262838, 1.2462838 ], [ 103.8262895, 1.2462913 ], [ 103.8262592, 1.2463143 ] ] ] } },
{ "type": "Feature", "properties": { "element": "way", "id": 1447689250, "name": null, "building": "hotel" }, "geometry": { "type": "Polygon", "coordinates": [ [ [ 103.8264037, 1.2462038 ], [ 103.8264379, 1.2462488 ], [ 103.8264801, 1.2462168 ], [ 103.8264664, 1.2461988 ], [ 103.8265174, 1.2461602 ], [ 103.8264571, 1.2460807 ], [ 103.8264212, 1.2461079 ], [ 103.82644, 1.2461327 ], [ 103.8264281, 1.2461418 ], [ 103.826449, 1.2461694 ], [ 103.8264037, 1.2462038 ] ] ] } },
{ "type": "Feature", "properties": { "element": "way", "id": 1447689251, "name": null, "building": "hotel" }, "geometry": { "type": "Polygon", "coordinates": [ [ [ 103.8265254, 1.2460448 ], [ 103.8264918, 1.2460711 ], [ 103.8265052, 1.2460883 ], [ 103.8264924, 1.2460983 ], [ 103.8265085, 1.246119 ], [ 103.8265209, 1.2461094 ], [ 103.826528, 1.2461185 ], [ 103.8265659, 1.2460889 ], [ 103.8265509, 1.2460697 ], [ 103.8265877, 1.246041 ], [ 103.8265032, 1.2459329 ], [ 103.8264698, 1.245959 ], [ 103.826495, 1.2459913 ], [ 103.8264879, 1.2459968 ], [ 103.8265254, 1.2460448 ] ] ] } },
{ "type": "Feature", "properties": { "element": "way", "id": 1447689252, "name": null, "building": "hotel" }, "geometry": { "type": "Polygon", "coordinates": [ [ [ 103.8263032, 1.2461016 ], [ 103.8263422, 1.2461521 ], [ 103.8263643, 1.246135 ], [ 103.8263607, 1.2461303 ], [ 103.8264045, 1.2460963 ], [ 103.8263981, 1.2460881 ], [ 103.8264503, 1.2460478 ], [ 103.8264165, 1.2460041 ], [ 103.8263718, 1.2460387 ], [ 103.8263765, 1.2460449 ], [ 103.8263032, 1.2461016 ] ] ] } },
{ "type": "Feature", "properties": { "element": "way", "id": 1447689253, "name": null, "building": "hotel" }, "geometry": { "type": "Polygon", "coordinates": [ [ [ 103.8262168, 1.2461891 ], [ 103.8261931, 1.2462076 ], [ 103.8262256, 1.2462492 ], [ 103.8262484, 1.2462314 ], [ 103.8262447, 1.2462266 ], [ 103.8262883, 1.2461927 ], [ 103.8262818, 1.2461844 ], [ 103.8263336, 1.246144 ], [ 103.8262999, 1.2461008 ], [ 103.8262559, 1.2461351 ], [ 103.8262607, 1.2461413 ], [ 103.8262102, 1.2461807 ], [ 103.8262168, 1.2461891 ] ] ] } },
{ "type": "Feature", "properties": { "element": "way", "id": 1447689254, "name": null, "building": "hotel" }, "geometry": { "type": "Polygon", "coordinates": [ [ [ 103.8260695, 1.2462953 ], [ 103.8261087, 1.2463464 ], [ 103.8261317, 1.2463288 ], [ 103.826128, 1.2463241 ], [ 103.8261982, 1.2462702 ], [ 103.8261909, 1.2462607 ], [ 103.8262161, 1.2462414 ], [ 103.826183, 1.2461984 ], [ 103.8261386, 1.2462325 ], [ 103.8261433, 1.2462386 ], [ 103.8260695, 1.2462953 ] ] ] } },
{ "type": "Feature", "properties": { "element": "way", "id": 1447689255, "name": null, "building": "hotel" }, "geometry": { "type": "Polygon", "coordinates": [ [ [ 103.8262343, 1.2463131 ], [ 103.8261931, 1.2463446 ], [ 103.8261994, 1.2463528 ], [ 103.8261216, 1.2464123 ], [ 103.8261443, 1.2464419 ], [ 103.8261351, 1.2464489 ], [ 103.826154, 1.2464735 ], [ 103.8261866, 1.2464486 ], [ 103.8261802, 1.2464402 ], [ 103.826222, 1.2464082 ], [ 103.8262155, 1.2463996 ], [ 103.8262691, 1.2463586 ], [ 103.8262343, 1.2463131 ] ] ] } },
{ "type": "Feature", "properties": { "element": "way", "id": 1447689256, "name": null, "building": "hotel" }, "geometry": { "type": "Polygon", "coordinates": [ [ [ 103.8263781, 1.2465525 ], [ 103.8263583, 1.2465317 ], [ 103.8263529, 1.2465368 ], [ 103.8262586, 1.2464375 ], [ 103.8262232, 1.2464711 ], [ 103.8262507, 1.2465001 ], [ 103.826246, 1.2465046 ], [ 103.8262906, 1.2465516 ], [ 103.8262605, 1.2465801 ], [ 103.8263024, 1.2466243 ], [ 103.8263781, 1.2465525 ] ] ] } },
{ "type": "Feature", "properties": { "element": "way", "id": 1447689257, "name": null, "building": "hotel" }, "geometry": { "type": "Polygon", "coordinates": [ [ [ 103.826129, 1.2465721 ], [ 103.8261032, 1.2466044 ], [ 103.8261484, 1.2466404 ], [ 103.8261857, 1.2465935 ], [ 103.8261447, 1.2465608 ], [ 103.8261696, 1.2465296 ], [ 103.8260854, 1.2464625 ], [ 103.8260595, 1.246495 ], [ 103.8260901, 1.2465194 ], [ 103.8260795, 1.2465327 ], [ 103.826129, 1.2465721 ] ] ] } },
{ "type": "Feature", "properties": { "element": "way", "id": 1447689258, "name": null, "building": "hotel" }, "geometry": { "type": "Polygon", "coordinates": [ [ [ 103.8259405, 1.2464782 ], [ 103.8259863, 1.2465135 ], [ 103.8260108, 1.2464817 ], [ 103.8260201, 1.2464889 ], [ 103.8260664, 1.246429 ], [ 103.8260714, 1.2464328 ], [ 103.82609, 1.2464086 ], [ 103.8260484, 1.2463765 ], [ 103.8260299, 1.2464005 ], [ 103.8260184, 1.2463917 ], [ 103.8259776, 1.2464445 ], [ 103.8259707, 1.2464392 ], [ 103.8259405, 1.2464782 ] ] ] } },
{ "type": "Feature", "properties": { "element": "way", "id": 1447689259, "name": null, "building": "hotel" }, "geometry": { "type": "Polygon", "coordinates": [ [ [ 103.8259861, 1.2465236 ], [ 103.8259455, 1.2464915 ], [ 103.82593, 1.2465111 ], [ 103.8259193, 1.2465027 ], [ 103.8258767, 1.2465566 ], [ 103.8258711, 1.2465522 ], [ 103.8258367, 1.2465957 ], [ 103.8258935, 1.2466407 ], [ 103.8259861, 1.2465236 ] ] ] } },
{ "type": "Feature", "properties": { "element": "way", "id": 1447689260, "name": null, "building": "hotel" }, "geometry": { "type": "Polygon", "coordinates": [ [ [ 103.8260196, 1.2465648 ], [ 103.8259602, 1.2466408 ], [ 103.8259527, 1.246635 ], [ 103.8259169, 1.2466807 ], [ 103.8259629, 1.2467166 ], [ 103.825993, 1.2466782 ], [ 103.8259993, 1.2466831 ], [ 103.8260434, 1.2466268 ], [ 103.8260492, 1.2466313 ], [ 103.8260702, 1.2466044 ], [ 103.8260196, 1.2465648 ] ] ] } },
{ "type": "Feature", "properties": { "element": "way", "id": 1447689261, "name": null, "building": "hotel" }, "geometry": { "type": "Polygon", "coordinates": [ [ [ 103.8260406, 1.2467119 ], [ 103.8260039, 1.2467584 ], [ 103.8260489, 1.2467939 ], [ 103.8260796, 1.246755 ], [ 103.8260865, 1.2467605 ], [ 103.8261314, 1.2467037 ], [ 103.826137, 1.2467081 ], [ 103.8261573, 1.2466824 ], [ 103.8261064, 1.2466422 ], [ 103.8260472, 1.2467171 ], [ 103.8260406, 1.2467119 ] ] ] } },
{ "type": "Feature", "properties": { "element": "way", "id": 1447689262, "name": null, "building": "hotel" }, "geometry": { "type": "Polygon", "coordinates": [ [ [ 103.8259325, 1.2467328 ], [ 103.8258759, 1.2467979 ], [ 103.8259092, 1.2468267 ], [ 103.8258789, 1.2468615 ], [ 103.8258883, 1.2468696 ], [ 103.8258419, 1.246923 ], [ 103.8258767, 1.2469533 ], [ 103.82601, 1.2468001 ], [ 103.8259325, 1.2467328 ] ] ] } },
{ "type": "Feature", "properties": { "element": "way", "id": 1447689263, "name": null, "building": "hotel" }, "geometry": { "type": "Polygon", "coordinates": [ [ [ 103.8258124, 1.2467412 ], [ 103.8257759, 1.2467856 ], [ 103.8258239, 1.2468249 ], [ 103.8258995, 1.2467329 ], [ 103.8257996, 1.2466509 ], [ 103.8257862, 1.2466671 ], [ 103.8257923, 1.2466722 ], [ 103.8257788, 1.2466887 ], [ 103.8257984, 1.2467048 ], [ 103.8257862, 1.2467197 ], [ 103.8258124, 1.2467412 ] ] ] } },
{ "type": "Feature", "properties": { "element": "way", "id": 1447689264, "name": null, "building": "hotel" }, "geometry": { "type": "Polygon", "coordinates": [ [ [ 103.825773, 1.2468215 ], [ 103.8257552, 1.2468431 ], [ 103.8257431, 1.2468331 ], [ 103.8257016, 1.2468835 ], [ 103.8256941, 1.2468774 ], [ 103.8256565, 1.246923 ], [ 103.8257043, 1.2469624 ], [ 103.8257401, 1.246919 ], [ 103.8257453, 1.2469233 ], [ 103.8257885, 1.2468708 ], [ 103.8257931, 1.2468746 ], [ 103.825811, 1.2468528 ], [ 103.825773, 1.2468215 ] ] ] } },
{ "type": "Feature", "properties": { "element": "way", "id": 1447689265, "name": null, "building": "hotel" }, "geometry": { "type": "Polygon", "coordinates": [ [ [ 103.8255968, 1.2470074 ], [ 103.8255522, 1.2470605 ], [ 103.8255743, 1.247079 ], [ 103.8255813, 1.2470706 ], [ 103.8256015, 1.2470875 ], [ 103.8256455, 1.247035 ], [ 103.8256527, 1.247041 ], [ 103.8256858, 1.2470016 ], [ 103.8256928, 1.2470075 ], [ 103.825713, 1.2469834 ], [ 103.8256726, 1.2469495 ], [ 103.825654, 1.2469716 ], [ 103.8256432, 1.2469626 ], [ 103.8256019, 1.2470117 ], [ 103.8255968, 1.2470074 ] ] ] } },
{ "type": "Feature", "properties": { "element": "way", "id": 1447689266, "name": null, "building": "hotel" }, "geometry": { "type": "Polygon", "coordinates": [ [ [ 103.8254922, 1.2470992 ], [ 103.8254003, 1.247204 ], [ 103.8254085, 1.2472122 ], [ 103.8253674, 1.2472579 ], [ 103.8254547, 1.2473313 ], [ 103.8255436, 1.2472291 ], [ 103.8255569, 1.2472394 ], [ 103.8255996, 1.2471922 ], [ 103.8254922, 1.2470992 ] ] ] } },
{ "type": "Feature", "properties": { "element": "way", "id": 1530948605, "name": null, "building": "yes" }, "geometry": { "type": "Polygon", "coordinates": [ [ [ 103.8201618, 1.2588945 ], [ 103.8196335, 1.2586672 ], [ 103.8196935, 1.2585184 ], [ 103.8201432, 1.2587276 ], [ 103.8201618, 1.2588945 ] ] ] } },
{ "type": "Feature", "properties": { "element": "way", "id": 1530948608, "name": null, "building": "yes" }, "geometry": { "type": "Polygon", "coordinates": [ [ [ 103.8232853, 1.2567393 ], [ 103.8231963, 1.2566769 ], [ 103.8233041, 1.2565233 ], [ 103.8233931, 1.2565857 ], [ 103.8232853, 1.2567393 ] ] ] } },
{ "type": "Feature", "properties": { "element": "way", "id": 1530948611, "name": null, "building": "yes" }, "geometry": { "type": "Polygon", "coordinates": [ [ [ 103.8211465, 1.2569652 ], [ 103.8211137, 1.256942 ], [ 103.821207, 1.2567988 ], [ 103.8212376, 1.2568201 ], [ 103.8211465, 1.2569652 ] ] ] } },
{ "type": "Feature", "properties": { "element": "way", "id": 1530948612, "name": null, "building": "yes" }, "geometry": { "type": "Polygon", "coordinates": [ [ [ 103.8208038, 1.2571957 ], [ 103.8206364, 1.257124 ], [ 103.8206284, 1.2571053 ], [ 103.8207198, 1.2569827 ], [ 103.8207454, 1.256975 ], [ 103.820784, 1.256987 ], [ 103.8207986, 1.2570036 ], [ 103.8208115, 1.256991 ], [ 103.8208507, 1.2570053 ], [ 103.8208489, 1.2570654 ], [ 103.8208241, 1.2571404 ], [ 103.8208038, 1.2571957 ] ] ] } },
{ "type": "Feature", "properties": { "element": "way", "id": 1530948613, "name": null, "building": "yes" }, "geometry": { "type": "Polygon", "coordinates": [ [ [ 103.8205195, 1.2568878 ], [ 103.8204958, 1.2567773 ], [ 103.8205108, 1.2567597 ], [ 103.8206627, 1.2567413 ], [ 103.8206745, 1.2567569 ], [ 103.8206812, 1.256814 ], [ 103.820662, 1.2568277 ], [ 103.8206598, 1.2568407 ], [ 103.8206702, 1.2568575 ], [ 103.8206623, 1.2568822 ], [ 103.8206468, 1.2568956 ], [ 103.8205195, 1.2568878 ] ] ] } },
{ "type": "Feature", "properties": { "element": "way", "id": 1530948614, "name": null, "building": "yes" }, "geometry": { "type": "Polygon", "coordinates": [ [ [ 103.8204995, 1.2566286 ], [ 103.8205039, 1.2565146 ], [ 103.8205544, 1.2565174 ], [ 103.820615, 1.2566055 ], [ 103.820609, 1.2566316 ], [ 103.8204995, 1.2566286 ] ] ] } }
]
}
